,word_original,word_no_punctuation,word_can_search,word_index_in_song,line_index_in_song,stanza_index_in_song,stanza_description,line_index_in_stanza,word_index_in_line,count_with_all_chorus,count_with_first_chorus,count_with_no_chorus,list_of_indexes,textblob_pos_tags,broad_pos_tag,hugface_label,hugface_score,line_original,line_classified,line_label,line_score,line_positivity,line_positivity_rank,line_positivity_norm,word_positivity,word_positivity_rank,word_positivity_norm,tsne_x,tsne_y
0,Mmm,Mmm,mmm,1,1,1,Intro: Freddie Mercury,1,1,1,1,1,[1],"[('mmm', 'NN')]",N,POSITIVE,0.9973,Mmm num ba de, mmm num ba de,NEGATIVE,0.7904,-0.7904,23,0.5348837209302325,0.9973,89,0.839622641509434,-15.286894,-1.9666328
1,num,num,num,2,1,1,Intro: Freddie Mercury,1,2,1,1,1,[2],"[('num', 'NN')]",N,NEGATIVE,0.9261,Mmm num ba de, mmm num ba de,NEGATIVE,0.7904,-0.7904,23,0.5348837209302325,-0.9261,19,0.1792452830188679,-18.72441,-7.3167944
2,ba,ba,ba,3,1,1,Intro: Freddie Mercury,1,3,13,13,13,"[3, 7, 12, 45, 46, 49, 50, 97, 98, 120, 124, 125, 126]","[('ba', 'NN')]",N,POSITIVE,0.9783,Mmm num ba de, mmm num ba de,NEGATIVE,0.7904,-0.7904,23,0.5348837209302325,0.9783,57,0.5377358490566038,-8.1716,-5.6590405
3,de,de,de,4,1,1,Intro: Freddie Mercury,1,4,8,8,8,"[4, 52, 91, 137, 139, 145, 147, 149]","[('de', 'NNS')]",N,POSITIVE,0.73,Mmm num ba de, mmm num ba de,NEGATIVE,0.7904,-0.7904,23,0.5348837209302325,0.73,32,0.3018867924528302,-8.636865,-22.060522
4,Dum,Dum,dum,5,2,1,Intro: Freddie Mercury,2,5,2,2,2,"[5, 11]","[('dum', 'NN')]",N,NEGATIVE,0.9993,Dum bum ba be, dum bum ba be,NEGATIVE,0.9971,-0.9971,4,0.09302325581395349,-0.9993,4,0.03773584905660377,-18.012066,-7.647649
5,bum,bum,bum,6,2,1,Intro: Freddie Mercury,2,6,1,1,1,[6],"[('bum', 'NN')]",N,NEGATIVE,0.9998,Dum bum ba be, dum bum ba be,NEGATIVE,0.9971,-0.9971,4,0.09302325581395349,-0.9998,0,0.0,-5.8902855,-4.192227
6,ba,ba,ba,7,2,1,Intro: Freddie Mercury,2,7,13,13,13,"[3, 7, 12, 45, 46, 49, 50, 97, 98, 120, 124, 125, 126]","[('ba', 'NN')]",N,POSITIVE,0.9783,Dum bum ba be, dum bum ba be,NEGATIVE,0.9971,-0.9971,4,0.09302325581395349,0.9783,57,0.5377358490566038,-8.361447,-6.2908287
7,be,be,be,8,2,1,Intro: Freddie Mercury,2,8,5,5,5,"[8, 47, 51, 121, 130]","[('be', 'VB')]",V,POSITIVE,0.962,Dum bum ba be, dum bum ba be,NEGATIVE,0.9971,-0.9971,4,0.09302325581395349,0.962,48,0.4528301886792453,4.362959,-17.07071
8,Doo,Doo,doo,9,3,1,Intro: Freddie Mercury,3,9,1,1,1,[9],"[('doo', 'NN')]",N,NEGATIVE,0.9651,Doo buh dum ba beh beh, doo buh dum ba beh beh,NEGATIVE,0.9718,-0.9718,19,0.4418604651162791,-0.9651,16,0.1509433962264151,-5.731793,-5.0750833
9,buh,buh,buh,10,3,1,Intro: Freddie Mercury,3,10,1,1,1,[10],"[('buh', 'NN')]",N,NEGATIVE,0.9707,Doo buh dum ba beh beh, doo buh dum ba beh beh,NEGATIVE,0.9718,-0.9718,19,0.4418604651162791,-0.9707,15,0.14150943396226415,-16.534437,-9.186904
10,dum,dum,dum,11,3,1,Intro: Freddie Mercury,3,11,2,2,2,"[5, 11]","[('dum', 'NN')]",N,NEGATIVE,0.9993,Doo buh dum ba beh beh, doo buh dum ba beh beh,NEGATIVE,0.9718,-0.9718,19,0.4418604651162791,-0.9993,4,0.03773584905660377,-18.011856,-7.6479697
11,ba,ba,ba,12,3,1,Intro: Freddie Mercury,3,12,13,13,13,"[3, 7, 12, 45, 46, 49, 50, 97, 98, 120, 124, 125, 126]","[('ba', 'NN')]",N,POSITIVE,0.9783,Doo buh dum ba beh beh, doo buh dum ba beh beh,NEGATIVE,0.9718,-0.9718,19,0.4418604651162791,0.9783,57,0.5377358490566038,-9.155549,-5.417953
12,beh,beh,beh,13,3,1,Intro: Freddie Mercury,3,13,2,2,2,"[13, 14]","[('beh', 'NN')]",N,POSITIVE,0.7894,Doo buh dum ba beh beh, doo buh dum ba beh beh,NEGATIVE,0.9718,-0.9718,19,0.4418604651162791,0.7894,34,0.32075471698113206,-16.541716,-10.234692
13,beh,beh,beh,14,3,1,Intro: Freddie Mercury,3,14,2,2,2,"[13, 14]","[('beh', 'NN')]",N,POSITIVE,0.7894,Doo buh dum ba beh beh, doo buh dum ba beh beh,NEGATIVE,0.9718,-0.9718,19,0.4418604651162791,0.7894,34,0.32075471698113206,-16.542282,-10.234649
14,Pressure,Pressure,pressure,15,4,2,Verse 1: David Bowie & Freddie Mercury,1,1,9,9,9,"[15, 29, 83, 175, 220, 313, 315, 317, 318]","[('pressure', 'NN')]",N,NEGATIVE,0.9933,Pressure pushing down on me, pressure pushing down on me,NEGATIVE,0.9814,-0.9814,17,0.3953488372093023,-0.9933,9,0.08490566037735849,3.2108893,1.9731773
15,pushing,pushing,pushing,16,4,2,Verse 1: David Bowie & Freddie Mercury,1,2,1,1,1,[16],"[('pushing', 'VBG')]",V,POSITIVE,0.9951,Pressure pushing down on me, pressure pushing down on me,NEGATIVE,0.9814,-0.9814,17,0.3953488372093023,0.9951,83,0.7830188679245284,1.4590393,0.43456033
16,down,down,down,17,4,2,Verse 1: David Bowie & Freddie Mercury,1,3,3,3,3,"[17, 21, 34]","[('down', 'RB')]",ADV,NEGATIVE,0.9997,Pressure pushing down on me, pressure pushing down on me,NEGATIVE,0.9814,-0.9814,17,0.3953488372093023,-0.9997,1,0.009433962264150943,-6.4646883,0.9126572
17,on,on,on,18,4,2,Verse 1: David Bowie & Freddie Mercury,1,4,13,13,13,"[18, 22, 42, 84, 87, 133, 141, 176, 179, 191, 275, 278, 287]","[('on', 'IN')]",PREP,POSITIVE,0.987,Pressure pushing down on me, pressure pushing down on me,NEGATIVE,0.9814,-0.9814,17,0.3953488372093023,0.987,66,0.6226415094339622,-4.471737,-17.21577
18,me,me,me,19,4,2,Verse 1: David Bowie & Freddie Mercury,1,5,5,5,5,"[19, 76, 81, 167, 172]","[('me', 'PRP')]",PRON,POSITIVE,0.9947,Pressure pushing down on me, pressure pushing down on me,NEGATIVE,0.9814,-0.9814,17,0.3953488372093023,0.9947,82,0.7735849056603774,4.8111105,11.235362
19,Pressing,Pressing,pressing,20,5,2,Verse 1: David Bowie & Freddie Mercury,2,6,1,1,1,[20],"[('pressing', 'VBG')]",V,POSITIVE,0.8274,"Pressing down on you, no man ask for", pressing down on you no man ask for,POSITIVE,0.8463,0.8463,29,0.6744186046511628,0.8274,36,0.33962264150943394,1.440131,0.3991013
20,down,down,down,21,5,2,Verse 1: David Bowie & Freddie Mercury,2,7,3,3,3,"[17, 21, 34]","[('down', 'RB')]",ADV,NEGATIVE,0.9997,"Pressing down on you, no man ask for", pressing down on you no man ask for,POSITIVE,0.8463,0.8463,29,0.6744186046511628,-0.9997,1,0.009433962264150943,-6.464725,0.9126411
21,on,on,on,22,5,2,Verse 1: David Bowie & Freddie Mercury,2,8,13,13,13,"[18, 22, 42, 84, 87, 133, 141, 176, 179, 191, 275, 278, 287]","[('on', 'IN')]",PREP,POSITIVE,0.987,"Pressing down on you, no man ask for", pressing down on you no man ask for,POSITIVE,0.8463,0.8463,29,0.6744186046511628,0.987,66,0.6226415094339622,-5.374611,-15.544551
22,"you,",you,you,23,5,2,Verse 1: David Bowie & Freddie Mercury,2,9,3,3,3,"[23, 269, 290]","[('you', 'PRP')]",PRON,POSITIVE,0.9991,"Pressing down on you, no man ask for", pressing down on you no man ask for,POSITIVE,0.8463,0.8463,29,0.6744186046511628,0.9991,99,0.9339622641509434,0.5264325,11.719043
23,no,no,no,24,5,2,Verse 1: David Bowie & Freddie Mercury,2,10,1,1,1,[24],"[('no', 'DT')]",DET,NEGATIVE,0.9964,"Pressing down on you, no man ask for", pressing down on you no man ask for,POSITIVE,0.8463,0.8463,29,0.6744186046511628,-0.9964,8,0.07547169811320754,9.487098,-3.5886588
24,man,man,man,25,5,2,Verse 1: David Bowie & Freddie Mercury,2,11,2,2,2,"[25, 189]","[('man', 'NN')]",N,POSITIVE,0.8134,"Pressing down on you, no man ask for", pressing down on you no man ask for,POSITIVE,0.8463,0.8463,29,0.6744186046511628,0.8134,35,0.330188679245283,-3.109584,-1.688636
25,ask,ask,ask,26,5,2,Verse 1: David Bowie & Freddie Mercury,2,12,1,1,1,[26],"[('ask', 'NN')]",N,POSITIVE,0.6912,"Pressing down on you, no man ask for", pressing down on you no man ask for,POSITIVE,0.8463,0.8463,29,0.6744186046511628,0.6912,31,0.29245283018867924,-10.626949,5.9653797
26,for,for,for,27,5,2,Verse 1: David Bowie & Freddie Mercury,2,13,2,2,2,"[27, 272]","[('for', 'IN')]",PREP,POSITIVE,0.9701,"Pressing down on you, no man ask for", pressing down on you no man ask for,POSITIVE,0.8463,0.8463,29,0.6744186046511628,0.9701,53,0.5,-9.207101,-14.485314
27,Under,Under,under,28,6,2,Verse 1: David Bowie & Freddie Mercury,3,14,5,5,5,"[28, 219, 312, 314, 316]","[('under', 'IN')]",PREP,POSITIVE,0.9166,Under pressure that burns a building down, under pressure that burns a building down,NEGATIVE,0.9992,-0.9992,1,0.023255813953488372,0.9166,40,0.37735849056603776,-2.68148,-20.598822
28,pressure,pressure,pressure,29,6,2,Verse 1: David Bowie & Freddie Mercury,3,15,9,9,9,"[15, 29, 83, 175, 220, 313, 315, 317, 318]","[('pressure', 'NN')]",N,NEGATIVE,0.9933,Under pressure that burns a building down, under pressure that burns a building down,NEGATIVE,0.9992,-0.9992,1,0.023255813953488372,-0.9933,9,0.08490566037735849,3.5863252,1.4299904
29,that,that,that,30,6,2,Verse 1: David Bowie & Freddie Mercury,3,16,2,2,2,"[30, 235]","[('that', 'IN')]",PREP,POSITIVE,0.9895,Under pressure that burns a building down, under pressure that burns a building down,NEGATIVE,0.9992,-0.9992,1,0.023255813953488372,0.9895,70,0.660377358490566,-3.4617577,8.269703
30,burns,burns,burns,31,6,2,Verse 1: David Bowie & Freddie Mercury,3,17,1,1,1,[31],"[('burns', 'NNS')]",N,NEGATIVE,0.9989,Under pressure that burns a building down, under pressure that burns a building down,NEGATIVE,0.9992,-0.9992,1,0.023255813953488372,-0.9989,5,0.04716981132075472,0.035493344,-3.857092
31,a,a,a,32,6,2,Verse 1: David Bowie & Freddie Mercury,3,18,4,4,4,"[32, 36, 187, 192]","[('a', 'DT')]",DET,POSITIVE,0.9873,Under pressure that burns a building down, under pressure that burns a building down,NEGATIVE,0.9992,-0.9992,1,0.023255813953488372,0.9873,67,0.6320754716981132,-7.598155,-10.745743
32,building,building,building,33,6,2,Verse 1: David Bowie & Freddie Mercury,3,19,1,1,1,[33],"[('building', 'NN')]",N,POSITIVE,0.9978,Under pressure that burns a building down, under pressure that burns a building down,NEGATIVE,0.9992,-0.9992,1,0.023255813953488372,0.9978,90,0.8490566037735849,12.551227,7.7254405
33,down,down,down,34,6,2,Verse 1: David Bowie & Freddie Mercury,3,20,3,3,3,"[17, 21, 34]","[('down', 'RB')]",ADV,NEGATIVE,0.9997,Under pressure that burns a building down, under pressure that burns a building down,NEGATIVE,0.9992,-0.9992,1,0.023255813953488372,-0.9997,1,0.009433962264150943,-6.464207,0.91263586
34,Splits,Splits,splits,35,7,2,Verse 1: David Bowie & Freddie Mercury,4,21,1,1,1,[35],"[('splits', 'NNS')]",N,NEGATIVE,0.9814,Splits a family in two, splits a family in two,NEGATIVE,0.7692,-0.7692,24,0.5581395348837209,-0.9814,14,0.1320754716981132,0.44190073,-4.1745725
35,a,a,a,36,7,2,Verse 1: David Bowie & Freddie Mercury,4,22,4,4,4,"[32, 36, 187, 192]","[('a', 'DT')]",DET,POSITIVE,0.9873,Splits a family in two, splits a family in two,NEGATIVE,0.7692,-0.7692,24,0.5581395348837209,0.9873,67,0.6320754716981132,-7.6660886,-10.601301
36,family,family,family,37,7,2,Verse 1: David Bowie & Freddie Mercury,4,23,1,1,1,[37],"[('family', 'NN')]",N,POSITIVE,0.9993,Splits a family in two, splits a family in two,NEGATIVE,0.7692,-0.7692,24,0.5581395348837209,0.9993,101,0.9528301886792453,6.8713207,8.19973
37,in,in,in,38,7,2,Verse 1: David Bowie & Freddie Mercury,4,24,1,1,1,[38],"[('in', 'IN')]",PREP,POSITIVE,0.979,Splits a family in two, splits a family in two,NEGATIVE,0.7692,-0.7692,24,0.5581395348837209,0.979,59,0.5566037735849056,-4.9387875,-18.95763
38,two,two,two,39,7,2,Verse 1: David Bowie & Freddie Mercury,4,25,1,1,1,[39],"[('two', 'CD')]",DET,POSITIVE,0.9899,Splits a family in two, splits a family in two,NEGATIVE,0.7692,-0.7692,24,0.5581395348837209,0.9899,71,0.6698113207547169,7.77569,-7.213077
39,Puts,Puts,puts,40,8,2,Verse 1: David Bowie & Freddie Mercury,5,26,1,1,1,[40],"[('puts', 'NNS')]",N,POSITIVE,0.9981,Puts people on streets, puts people on streets,POSITIVE,0.9914,0.9914,35,0.813953488372093,0.9981,91,0.8584905660377359,-3.9483893,-8.327374
40,people,people,people,41,8,2,Verse 1: David Bowie & Freddie Mercury,5,27,10,10,10,"[41, 85, 86, 132, 140, 177, 178, 274, 277, 286]","[('people', 'NNS')]",N,POSITIVE,0.9852,Puts people on streets, puts people on streets,POSITIVE,0.9914,0.9914,35,0.813953488372093,0.9852,65,0.6132075471698113,9.532128,9.6704035
41,on,on,on,42,8,2,Verse 1: David Bowie & Freddie Mercury,5,28,13,13,13,"[18, 22, 42, 84, 87, 133, 141, 176, 179, 191, 275, 278, 287]","[('on', 'IN')]",PREP,POSITIVE,0.987,Puts people on streets, puts people on streets,POSITIVE,0.9914,0.9914,35,0.813953488372093,0.987,66,0.6226415094339622,-5.8794494,-15.86773
42,streets,streets,streets,43,8,2,Verse 1: David Bowie & Freddie Mercury,5,29,7,7,7,"[43, 88, 134, 142, 180, 279, 288]","[('streets', 'NNS')]",N,POSITIVE,0.9827,Puts people on streets, puts people on streets,POSITIVE,0.9914,0.9914,35,0.813953488372093,0.9827,63,0.5943396226415094,14.436919,5.667283
43,Um,Um,um,44,9,3,Bridge: Freddie Mercury,1,1,3,3,3,"[44, 48, 127]","[('um', 'NN')]",N,NEGATIVE,0.9149,Um ba ba be, um ba ba be,NEGATIVE,0.9406,-0.9406,20,0.46511627906976744,-0.9149,20,0.18867924528301888,-16.51065,-3.6475787
44,ba,ba,ba,45,9,3,Bridge: Freddie Mercury,1,2,13,13,13,"[3, 7, 12, 45, 46, 49, 50, 97, 98, 120, 124, 125, 126]","[('ba', 'NN')]",N,POSITIVE,0.9783,Um ba ba be, um ba ba be,NEGATIVE,0.9406,-0.9406,20,0.46511627906976744,0.9783,57,0.5377358490566038,-8.525911,-5.185575
45,ba,ba,ba,46,9,3,Bridge: Freddie Mercury,1,3,13,13,13,"[3, 7, 12, 45, 46, 49, 50, 97, 98, 120, 124, 125, 126]","[('ba', 'NN')]",N,POSITIVE,0.9783,Um ba ba be, um ba ba be,NEGATIVE,0.9406,-0.9406,20,0.46511627906976744,0.9783,57,0.5377358490566038,-8.060305,-4.433323
46,be,be,be,47,9,3,Bridge: Freddie Mercury,1,4,5,5,5,"[8, 47, 51, 121, 130]","[('be', 'VB')]",V,POSITIVE,0.962,Um ba ba be, um ba ba be,NEGATIVE,0.9406,-0.9406,20,0.46511627906976744,0.962,48,0.4528301886792453,3.9535842,-17.482145
47,Um,Um,um,48,10,3,Bridge: Freddie Mercury,2,5,3,3,3,"[44, 48, 127]","[('um', 'NN')]",N,NEGATIVE,0.9149,Um ba ba be, um ba ba be,NEGATIVE,0.9406,-0.9406,20,0.46511627906976744,-0.9149,20,0.18867924528301888,-16.508835,-3.64905
48,ba,ba,ba,49,10,3,Bridge: Freddie Mercury,2,6,13,13,13,"[3, 7, 12, 45, 46, 49, 50, 97, 98, 120, 124, 125, 126]","[('ba', 'NN')]",N,POSITIVE,0.9783,Um ba ba be, um ba ba be,NEGATIVE,0.9406,-0.9406,20,0.46511627906976744,0.9783,57,0.5377358490566038,-7.3449073,-5.7630315
49,ba,ba,ba,50,10,3,Bridge: Freddie Mercury,2,7,13,13,13,"[3, 7, 12, 45, 46, 49, 50, 97, 98, 120, 124, 125, 126]","[('ba', 'NN')]",N,POSITIVE,0.9783,Um ba ba be, um ba ba be,NEGATIVE,0.9406,-0.9406,20,0.46511627906976744,0.9783,57,0.5377358490566038,-8.8678255,-5.9536595
50,be,be,be,51,10,3,Bridge: Freddie Mercury,2,8,5,5,5,"[8, 47, 51, 121, 130]","[('be', 'VB')]",V,POSITIVE,0.962,Um ba ba be, um ba ba be,NEGATIVE,0.9406,-0.9406,20,0.46511627906976744,0.962,48,0.4528301886792453,4.528499,-17.397943
51,De,De,de,52,11,3,Bridge: Freddie Mercury,3,9,8,8,8,"[4, 52, 91, 137, 139, 145, 147, 149]","[('de', 'NNS')]",N,POSITIVE,0.73,De day da, de day da,POSITIVE,0.9345,0.9345,30,0.6976744186046512,0.73,32,0.3018867924528302,-7.813552,-22.127762
52,day,day,day,53,11,3,Bridge: Freddie Mercury,3,10,4,4,4,"[53, 56, 89, 90]","[('day', 'NN')]",N,POSITIVE,0.9957,De day da, de day da,POSITIVE,0.9345,0.9345,30,0.6976744186046512,0.9957,85,0.8018867924528302,16.227564,10.312297
53,da,da,da,54,11,3,Bridge: Freddie Mercury,3,11,11,11,11,"[54, 94, 95, 96, 123, 136, 138, 144, 146, 148, 150]","[('da', 'NN')]",N,NEGATIVE,0.8507,De day da, de day da,POSITIVE,0.9345,0.9345,30,0.6976744186046512,-0.8507,25,0.2358490566037736,-11.827602,-7.0808377
54,Ee,Ee,ee,55,12,3,Bridge: Freddie Mercury,4,12,5,5,5,"[55, 118, 122, 135, 143]","[('ee', 'NN')]",N,POSITIVE,0.9092,Ee day da- that's okay, ee day da- that's okay,POSITIVE,0.9998,0.9998,43,1.0,0.9092,38,0.3584905660377358,-13.271529,-3.2797816
55,day,day,day,56,12,3,Bridge: Freddie Mercury,4,13,4,4,4,"[53, 56, 89, 90]","[('day', 'NN')]",N,POSITIVE,0.9957,Ee day da- that's okay, ee day da- that's okay,POSITIVE,0.9998,0.9998,43,1.0,0.9957,85,0.8018867924528302,16.227564,10.312297
56,da-,da-,da-,57,12,3,Bridge: Freddie Mercury,4,14,1,1,1,[57],"[('da-', 'NN')]",N,NEGATIVE,0.6922,Ee day da- that's okay, ee day da- that's okay,POSITIVE,0.9998,0.9998,43,1.0,-0.6922,28,0.2641509433962264,-14.477265,-7.645818
57,that's,that's,that's,58,12,3,Bridge: Freddie Mercury,4,15,1,1,1,[58],"[('that', 'DT'), (""'s"", 'VBZ')]",MULT,POSITIVE,0.9985,Ee day da- that's okay, ee day da- that's okay,POSITIVE,0.9998,0.9998,43,1.0,0.9985,93,0.8773584905660378,17.216549,-4.797609
58,okay,okay,okay,59,12,3,Bridge: Freddie Mercury,4,16,2,2,2,"[59, 99]","[('okay', 'NN')]",N,POSITIVE,0.9998,Ee day da- that's okay, ee day da- that's okay,POSITIVE,0.9998,0.9998,43,1.0,0.9998,105,0.9905660377358491,10.692563,-3.6893554
59,It's,It's,it's,60,13,4,Chorus: David Bowie & Freddie Mercury,1,1,3,3,3,"[60, 151, 204]","[('it', 'PRP'), (""'s"", 'VBZ')]",MULT,POSITIVE,0.9988,It's the terror of knowing what this world is about, it's the terror of knowing what this world is about,NEGATIVE,0.8637,-0.8637,22,0.5116279069767442,0.9988,96,0.9056603773584906,18.033905,-4.9663177
60,the,the,the,61,13,4,Chorus: David Bowie & Freddie Mercury,1,2,7,7,7,"[61, 106, 110, 152, 273, 276, 282]","[('the', 'DT')]",DET,POSITIVE,0.9636,It's the terror of knowing what this world is about, it's the terror of knowing what this world is about,NEGATIVE,0.8637,-0.8637,22,0.5116279069767442,0.9636,49,0.46226415094339623,-0.68178356,-7.746242
61,terror,terror,terror,62,13,4,Chorus: David Bowie & Freddie Mercury,1,3,2,2,2,"[62, 153]","[('terror', 'NN')]",N,NEGATIVE,0.9981,It's the terror of knowing what this world is about, it's the terror of knowing what this world is about,NEGATIVE,0.8637,-0.8637,22,0.5116279069767442,-0.9981,6,0.05660377358490566,8.813717,2.7373953
62,of,of,of,63,13,4,Chorus: David Bowie & Freddie Mercury,1,4,4,4,4,"[63, 154, 281, 295]","[('of', 'IN')]",PREP,POSITIVE,0.9193,It's the terror of knowing what this world is about, it's the terror of knowing what this world is about,NEGATIVE,0.8637,-0.8637,22,0.5116279069767442,0.9193,41,0.3867924528301887,-8.796806,-17.974625
63,knowing,knowing,knowing,64,13,4,Chorus: David Bowie & Freddie Mercury,1,5,2,2,2,"[64, 155]","[('knowing', 'VBG')]",V,POSITIVE,0.9989,It's the terror of knowing what this world is about, it's the terror of knowing what this world is about,NEGATIVE,0.8637,-0.8637,22,0.5116279069767442,0.9989,97,0.9150943396226415,6.7594824,-0.8517921
64,what,what,what,65,13,4,Chorus: David Bowie & Freddie Mercury,1,6,2,2,2,"[65, 156]","[('what', 'WP')]",OTH,POSITIVE,0.9943,It's the terror of knowing what this world is about, it's the terror of knowing what this world is about,NEGATIVE,0.8637,-0.8637,22,0.5116279069767442,0.9943,80,0.7547169811320755,8.944721,-13.338893
65,this,this,this,66,13,4,Chorus: David Bowie & Freddie Mercury,1,7,5,5,5,"[66, 157, 299, 304, 309]","[('this', 'DT')]",DET,POSITIVE,0.9931,It's the terror of knowing what this world is about, it's the terror of knowing what this world is about,NEGATIVE,0.8637,-0.8637,22,0.5116279069767442,0.9931,77,0.7264150943396226,-0.18343958,4.580084
66,world,world,world,67,13,4,Chorus: David Bowie & Freddie Mercury,1,8,2,2,2,"[67, 158]","[('world', 'NN')]",N,POSITIVE,0.9981,It's the terror of knowing what this world is about, it's the terror of knowing what this world is about,NEGATIVE,0.8637,-0.8637,22,0.5116279069767442,0.9981,91,0.8584905660377359,8.556384,13.735981
67,is,is,is,68,13,4,Chorus: David Bowie & Freddie Mercury,1,9,5,5,5,"[68, 159, 300, 305, 310]","[('is', 'VBZ')]",V,POSITIVE,0.9275,It's the terror of knowing what this world is about, it's the terror of knowing what this world is about,NEGATIVE,0.8637,-0.8637,22,0.5116279069767442,0.9275,42,0.39622641509433965,-4.465565,-11.81406
68,about,about,about,69,13,4,Chorus: David Bowie & Freddie Mercury,1,10,3,3,3,"[69, 160, 297]","[('about', 'IN')]",PREP,POSITIVE,0.9686,It's the terror of knowing what this world is about, it's the terror of knowing what this world is about,NEGATIVE,0.8637,-0.8637,22,0.5116279069767442,0.9686,52,0.49056603773584906,-1.0016441,-15.414223
69,Watching,Watching,watching,70,14,4,Chorus: David Bowie & Freddie Mercury,2,11,2,2,2,"[70, 161]","[('watching', 'VBG')]",V,POSITIVE,0.9973,"Watching some good friends screaming, ""Let me out!"""," watching some good friends screaming ""let me out!""",NEGATIVE,0.9925,-0.9925,10,0.23255813953488372,0.9973,89,0.839622641509434,4.649643,-1.6297077
70,some,some,some,71,14,4,Chorus: David Bowie & Freddie Mercury,2,12,2,2,2,"[71, 162]","[('some', 'DT')]",DET,POSITIVE,0.9431,"Watching some good friends screaming, ""Let me out!"""," watching some good friends screaming ""let me out!""",NEGATIVE,0.9925,-0.9925,10,0.23255813953488372,0.9431,44,0.41509433962264153,1.2161814,8.018901
71,good,good,good,72,14,4,Chorus: David Bowie & Freddie Mercury,2,13,2,2,2,"[72, 163]","[('good', 'JJ')]",ADJ,POSITIVE,0.9998,"Watching some good friends screaming, ""Let me out!"""," watching some good friends screaming ""let me out!""",NEGATIVE,0.9925,-0.9925,10,0.23255813953488372,0.9998,105,0.9905660377358491,12.051176,-1.2605201
72,friends,friends,friends,73,14,4,Chorus: David Bowie & Freddie Mercury,2,14,2,2,2,"[73, 164]","[('friends', 'NNS')]",N,POSITIVE,0.9998,"Watching some good friends screaming, ""Let me out!"""," watching some good friends screaming ""let me out!""",NEGATIVE,0.9925,-0.9925,10,0.23255813953488372,0.9998,105,0.9905660377358491,7.332951,7.705893
73,"screaming,",screaming,screaming,74,14,4,Chorus: David Bowie & Freddie Mercury,2,15,2,2,2,"[74, 165]","[('screaming', 'VBG')]",V,NEGATIVE,0.9994,"Watching some good friends screaming, ""Let me out!"""," watching some good friends screaming ""let me out!""",NEGATIVE,0.9925,-0.9925,10,0.23255813953488372,-0.9994,3,0.02830188679245283,10.832503,3.3912053
74,"""Let","""Let","""let",75,14,4,Chorus: David Bowie & Freddie Mercury,2,16,1,1,1,[75],"[('let', 'VB')]",V,NEGATIVE,0.9455,"Watching some good friends screaming, ""Let me out!"""," watching some good friends screaming ""let me out!""",NEGATIVE,0.9925,-0.9925,10,0.23255813953488372,-0.9455,17,0.16037735849056603,1.1508648,-12.4656925
75,me,me,me,76,14,4,Chorus: David Bowie & Freddie Mercury,2,17,5,5,5,"[19, 76, 81, 167, 172]","[('me', 'PRP')]",PRON,POSITIVE,0.9947,"Watching some good friends screaming, ""Let me out!"""," watching some good friends screaming ""let me out!""",NEGATIVE,0.9925,-0.9925,10,0.23255813953488372,0.9947,82,0.7735849056603774,4.5792227,10.974385
76,"out!""","out!""","out!""",77,14,4,Chorus: David Bowie & Freddie Mercury,2,18,1,1,1,[77],"[('out', 'IN')]",PREP,NEGATIVE,0.7627,"Watching some good friends screaming, ""Let me out!"""," watching some good friends screaming ""let me out!""",NEGATIVE,0.9925,-0.9925,10,0.23255813953488372,-0.7627,27,0.25471698113207547,-12.575187,1.4243037
77,Pray,Pray,pray,78,15,4,Chorus: David Bowie & Freddie Mercury,3,19,2,2,2,"[78, 169]","[('pray', 'NN')]",N,NEGATIVE,0.9303,Pray tomorrow gets me higher, pray tomorrow gets me higher,POSITIVE,0.9828,0.9828,34,0.7906976744186046,-0.9303,18,0.16981132075471697,-5.2275863,4.783094
78,tomorrow,tomorrow,tomorrow,79,15,4,Chorus: David Bowie & Freddie Mercury,3,20,2,2,2,"[79, 170]","[('tomorrow', 'NN')]",N,POSITIVE,0.9987,Pray tomorrow gets me higher, pray tomorrow gets me higher,POSITIVE,0.9828,0.9828,34,0.7906976744186046,0.9987,95,0.8962264150943396,18.151184,6.335746
79,gets,gets,gets,80,15,4,Chorus: David Bowie & Freddie Mercury,3,21,2,2,2,"[80, 171]","[('gets', 'VBZ')]",V,POSITIVE,0.9993,Pray tomorrow gets me higher, pray tomorrow gets me higher,POSITIVE,0.9828,0.9828,34,0.7906976744186046,0.9993,101,0.9528301886792453,-5.039852,-8.741843
80,me,me,me,81,15,4,Chorus: David Bowie & Freddie Mercury,3,22,5,5,5,"[19, 76, 81, 167, 172]","[('me', 'PRP')]",PRON,POSITIVE,0.9947,Pray tomorrow gets me higher, pray tomorrow gets me higher,POSITIVE,0.9828,0.9828,34,0.7906976744186046,0.9947,82,0.7735849056603774,4.316572,11.444199
81,higher,higher,higher,82,15,4,Chorus: David Bowie & Freddie Mercury,3,23,2,2,2,"[82, 173]","[('higher', 'JJR')]",ADJ,POSITIVE,0.9996,Pray tomorrow gets me higher, pray tomorrow gets me higher,POSITIVE,0.9828,0.9828,34,0.7906976744186046,0.9996,103,0.9716981132075472,-9.794946,-0.38922843
82,Pressure,Pressure,pressure,83,16,4,Chorus: David Bowie & Freddie Mercury,4,24,9,9,9,"[15, 29, 83, 175, 220, 313, 315, 317, 318]","[('pressure', 'NN')]",N,NEGATIVE,0.9933,"Pressure on people, people on streets", pressure on people people on streets,NEGATIVE,0.9958,-0.9958,5,0.11627906976744186,-0.9933,9,0.08490566037735849,3.2567248,2.6328487
83,on,on,on,84,16,4,Chorus: David Bowie & Freddie Mercury,4,25,13,13,13,"[18, 22, 42, 84, 87, 133, 141, 176, 179, 191, 275, 278, 287]","[('on', 'IN')]",PREP,POSITIVE,0.987,"Pressure on people, people on streets", pressure on people people on streets,NEGATIVE,0.9958,-0.9958,5,0.11627906976744186,0.987,66,0.6226415094339622,-5.950033,-16.95866
84,"people,",people,people,85,16,4,Chorus: David Bowie & Freddie Mercury,4,26,10,10,10,"[41, 85, 86, 132, 140, 177, 178, 274, 277, 286]","[('people', 'NNS')]",N,POSITIVE,0.9852,"Pressure on people, people on streets", pressure on people people on streets,NEGATIVE,0.9958,-0.9958,5,0.11627906976744186,0.9852,65,0.6132075471698113,8.915229,10.825968
85,people,people,people,86,16,4,Chorus: David Bowie & Freddie Mercury,4,27,10,10,10,"[41, 85, 86, 132, 140, 177, 178, 274, 277, 286]","[('people', 'NNS')]",N,POSITIVE,0.9852,"Pressure on people, people on streets", pressure on people people on streets,NEGATIVE,0.9958,-0.9958,5,0.11627906976744186,0.9852,65,0.6132075471698113,9.417567,10.957804
86,on,on,on,87,16,4,Chorus: David Bowie & Freddie Mercury,4,28,13,13,13,"[18, 22, 42, 84, 87, 133, 141, 176, 179, 191, 275, 278, 287]","[('on', 'IN')]",PREP,POSITIVE,0.987,"Pressure on people, people on streets", pressure on people people on streets,NEGATIVE,0.9958,-0.9958,5,0.11627906976744186,0.987,66,0.6226415094339622,-4.981228,-17.435347
87,streets,streets,streets,88,16,4,Chorus: David Bowie & Freddie Mercury,4,29,7,7,7,"[43, 88, 134, 142, 180, 279, 288]","[('streets', 'NNS')]",N,POSITIVE,0.9827,"Pressure on people, people on streets", pressure on people people on streets,NEGATIVE,0.9958,-0.9958,5,0.11627906976744186,0.9827,63,0.5943396226415094,14.676678,5.2995334
88,Day,Day,day,89,17,5,Verse 2: David Bowie & Freddie Mercury,1,1,4,4,4,"[53, 56, 89, 90]","[('day', 'NN')]",N,POSITIVE,0.9957,Day day de mm hm, day day de mm hm,POSITIVE,0.6465,0.6465,26,0.6046511627906976,0.9957,85,0.8018867924528302,16.392643,10.381377
89,day,day,day,90,17,5,Verse 2: David Bowie & Freddie Mercury,1,2,4,4,4,"[53, 56, 89, 90]","[('day', 'NN')]",N,POSITIVE,0.9957,Day day de mm hm, day day de mm hm,POSITIVE,0.6465,0.6465,26,0.6046511627906976,0.9957,85,0.8018867924528302,16.393574,10.381098
90,de,de,de,91,17,5,Verse 2: David Bowie & Freddie Mercury,1,3,8,8,8,"[4, 52, 91, 137, 139, 145, 147, 149]","[('de', 'NNS')]",N,POSITIVE,0.73,Day day de mm hm, day day de mm hm,POSITIVE,0.6465,0.6465,26,0.6046511627906976,0.73,32,0.3018867924528302,-8.686984,-22.881132
91,mm,mm,mm,92,17,5,Verse 2: David Bowie & Freddie Mercury,1,4,1,1,1,[92],"[('mm', 'NN')]",N,POSITIVE,0.9955,Day day de mm hm, day day de mm hm,POSITIVE,0.6465,0.6465,26,0.6046511627906976,0.9955,84,0.7924528301886793,-7.013333,-9.014523
92,hm,hm,hm,93,17,5,Verse 2: David Bowie & Freddie Mercury,1,5,1,1,1,[93],"[('hm', 'NN')]",N,NEGATIVE,0.8658,Day day de mm hm, day day de mm hm,POSITIVE,0.6465,0.6465,26,0.6046511627906976,-0.8658,23,0.2169811320754717,-6.5447884,-2.1161911
93,Da,Da,da,94,18,5,Verse 2: David Bowie & Freddie Mercury,2,6,11,11,11,"[54, 94, 95, 96, 123, 136, 138, 144, 146, 148, 150]","[('da', 'NN')]",N,NEGATIVE,0.8507,Da da da ba ba, da da da ba ba,NEGATIVE,0.9854,-0.9854,13,0.3023255813953488,-0.8507,25,0.2358490566037736,-11.57213,-7.5771365
94,da,da,da,95,18,5,Verse 2: David Bowie & Freddie Mercury,2,7,11,11,11,"[54, 94, 95, 96, 123, 136, 138, 144, 146, 148, 150]","[('da', 'NN')]",N,NEGATIVE,0.8507,Da da da ba ba, da da da ba ba,NEGATIVE,0.9854,-0.9854,13,0.3023255813953488,-0.8507,25,0.2358490566037736,-12.639698,-8.581266
95,da,da,da,96,18,5,Verse 2: David Bowie & Freddie Mercury,2,8,11,11,11,"[54, 94, 95, 96, 123, 136, 138, 144, 146, 148, 150]","[('da', 'NN')]",N,NEGATIVE,0.8507,Da da da ba ba, da da da ba ba,NEGATIVE,0.9854,-0.9854,13,0.3023255813953488,-0.8507,25,0.2358490566037736,-13.028914,-8.1812315
96,ba,ba,ba,97,18,5,Verse 2: David Bowie & Freddie Mercury,2,9,13,13,13,"[3, 7, 12, 45, 46, 49, 50, 97, 98, 120, 124, 125, 126]","[('ba', 'NN')]",N,POSITIVE,0.9783,Da da da ba ba, da da da ba ba,NEGATIVE,0.9854,-0.9854,13,0.3023255813953488,0.9783,57,0.5377358490566038,-9.111901,-4.7838225
97,ba,ba,ba,98,18,5,Verse 2: David Bowie & Freddie Mercury,2,10,13,13,13,"[3, 7, 12, 45, 46, 49, 50, 97, 98, 120, 124, 125, 126]","[('ba', 'NN')]",N,POSITIVE,0.9783,Da da da ba ba, da da da ba ba,NEGATIVE,0.9854,-0.9854,13,0.3023255813953488,0.9783,57,0.5377358490566038,-7.5349436,-4.582465
98,Okay,Okay,okay,99,19,5,Verse 2: David Bowie & Freddie Mercury,3,11,2,2,2,"[59, 99]","[('okay', 'NN')]",N,POSITIVE,0.9998,Okay, okay,POSITIVE,0.9998,0.9998,43,1.0,0.9998,105,0.9905660377358491,10.6929035,-3.690844
99,Chipping,Chipping,chipping,100,20,5,Verse 2: David Bowie & Freddie Mercury,4,12,1,1,1,[100],"[('chipping', 'VBG')]",V,NEGATIVE,0.7858,"Chipping around, kick my brains around the floor", chipping around kick my brains around the floor,NEGATIVE,0.9932,-0.9932,9,0.20930232558139536,-0.7858,26,0.24528301886792453,10.351472,1.6849395
100,"around,",around,around,101,20,5,Verse 2: David Bowie & Freddie Mercury,4,13,2,2,2,"[101, 105]","[('around', 'IN')]",PREP,POSITIVE,0.9741,"Chipping around, kick my brains around the floor", chipping around kick my brains around the floor,NEGATIVE,0.9932,-0.9932,9,0.20930232558139536,0.9741,55,0.5188679245283019,3.9503844,-10.483564
101,kick,kick,kick,102,20,5,Verse 2: David Bowie & Freddie Mercury,4,14,1,1,1,[102],"[('kick', 'NN')]",N,POSITIVE,0.978,"Chipping around, kick my brains around the floor", chipping around kick my brains around the floor,NEGATIVE,0.9932,-0.9932,9,0.20930232558139536,0.978,56,0.5283018867924528,-7.99204,4.650569
102,my,my,my,103,20,5,Verse 2: David Bowie & Freddie Mercury,4,15,1,1,1,[103],"[('my', 'PRP$')]",PRON,POSITIVE,0.9935,"Chipping around, kick my brains around the floor", chipping around kick my brains around the floor,NEGATIVE,0.9932,-0.9932,9,0.20930232558139536,0.9935,78,0.7358490566037735,-5.151262,-2.253147
103,brains,brains,brains,104,20,5,Verse 2: David Bowie & Freddie Mercury,4,16,1,1,1,[104],"[('brains', 'NNS')]",N,POSITIVE,0.9988,"Chipping around, kick my brains around the floor", chipping around kick my brains around the floor,NEGATIVE,0.9932,-0.9932,9,0.20930232558139536,0.9988,96,0.9056603773584906,8.220711,1.3272225
104,around,around,around,105,20,5,Verse 2: David Bowie & Freddie Mercury,4,17,2,2,2,"[101, 105]","[('around', 'IN')]",PREP,POSITIVE,0.9741,"Chipping around, kick my brains around the floor", chipping around kick my brains around the floor,NEGATIVE,0.9932,-0.9932,9,0.20930232558139536,0.9741,55,0.5188679245283019,3.9504385,-10.483147
105,the,the,the,106,20,5,Verse 2: David Bowie & Freddie Mercury,4,18,7,7,7,"[61, 106, 110, 152, 273, 276, 282]","[('the', 'DT')]",DET,POSITIVE,0.9636,"Chipping around, kick my brains around the floor", chipping around kick my brains around the floor,NEGATIVE,0.9932,-0.9932,9,0.20930232558139536,0.9636,49,0.46226415094339623,-0.919362,-8.136341
106,floor,floor,floor,107,20,5,Verse 2: David Bowie & Freddie Mercury,4,19,1,1,1,[107],"[('floor', 'NN')]",N,POSITIVE,0.908,"Chipping around, kick my brains around the floor", chipping around kick my brains around the floor,NEGATIVE,0.9932,-0.9932,9,0.20930232558139536,0.908,37,0.3490566037735849,12.854546,7.204185
107,These,These,these,108,21,5,Verse 2: David Bowie & Freddie Mercury,5,20,1,1,1,[108],"[('these', 'DT')]",DET,POSITIVE,0.954,These are the days it never rains but it pours, these are the days it never rains but it pours,POSITIVE,0.9955,0.9955,38,0.8837209302325582,0.954,47,0.44339622641509435,-0.40238753,5.66508
108,are,are,are,109,21,5,Verse 2: David Bowie & Freddie Mercury,5,21,1,1,1,[109],"[('are', 'VBP')]",V,POSITIVE,0.9785,These are the days it never rains but it pours, these are the days it never rains but it pours,POSITIVE,0.9955,0.9955,38,0.8837209302325582,0.9785,58,0.5471698113207547,-3.5680242,-11.604791
109,the,the,the,110,21,5,Verse 2: David Bowie & Freddie Mercury,5,22,7,7,7,"[61, 106, 110, 152, 273, 276, 282]","[('the', 'DT')]",DET,POSITIVE,0.9636,These are the days it never rains but it pours, these are the days it never rains but it pours,POSITIVE,0.9955,0.9955,38,0.8837209302325582,0.9636,49,0.46226415094339623,-1.2529534,-7.3793163
110,days,days,days,111,21,5,Verse 2: David Bowie & Freddie Mercury,5,23,1,1,1,[111],"[('days', 'NNS')]",N,POSITIVE,0.9492,These are the days it never rains but it pours, these are the days it never rains but it pours,POSITIVE,0.9955,0.9955,38,0.8837209302325582,0.9492,45,0.42452830188679247,16.897573,9.341598
111,it,it,it,112,21,5,Verse 2: David Bowie & Freddie Mercury,5,24,4,4,4,"[112, 116, 184, 195]","[('it', 'PRP')]",PRON,POSITIVE,0.9927,These are the days it never rains but it pours, these are the days it never rains but it pours,POSITIVE,0.9955,0.9955,38,0.8837209302325582,0.9927,75,0.7075471698113207,3.8508587,-6.7888255
112,never,never,never,113,21,5,Verse 2: David Bowie & Freddie Mercury,5,25,1,1,1,[113],"[('never', 'RB')]",ADV,NEGATIVE,0.9905,These are the days it never rains but it pours, these are the days it never rains but it pours,POSITIVE,0.9955,0.9955,38,0.8837209302325582,-0.9905,11,0.10377358490566038,3.66777,-4.096237
113,rains,rains,rains,114,21,5,Verse 2: David Bowie & Freddie Mercury,5,26,1,1,1,[114],"[('rains', 'NNS')]",N,POSITIVE,0.6102,These are the days it never rains but it pours, these are the days it never rains but it pours,POSITIVE,0.9955,0.9955,38,0.8837209302325582,0.6102,30,0.2830188679245283,7.3064427,4.529166
114,but,but,but,115,21,5,Verse 2: David Bowie & Freddie Mercury,5,27,3,3,3,"[115, 194, 203]","[('but', 'CC')]",CONJ,NEGATIVE,0.9101,These are the days it never rains but it pours, these are the days it never rains but it pours,POSITIVE,0.9955,0.9955,38,0.8837209302325582,-0.9101,21,0.19811320754716982,12.896836,-6.3090615
115,it,it,it,116,21,5,Verse 2: David Bowie & Freddie Mercury,5,28,4,4,4,"[112, 116, 184, 195]","[('it', 'PRP')]",PRON,POSITIVE,0.9927,These are the days it never rains but it pours, these are the days it never rains but it pours,POSITIVE,0.9955,0.9955,38,0.8837209302325582,0.9927,75,0.7075471698113207,3.8931584,-6.6852727
116,pours,pours,pours,117,21,5,Verse 2: David Bowie & Freddie Mercury,5,29,1,1,1,[117],"[('pours', 'NNS')]",N,POSITIVE,0.9991,These are the days it never rains but it pours, these are the days it never rains but it pours,POSITIVE,0.9955,0.9955,38,0.8837209302325582,0.9991,99,0.9339622641509434,-6.775894,14.005074
117,Ee,Ee,ee,118,22,5,Verse 2: David Bowie & Freddie Mercury,6,30,5,5,5,"[55, 118, 122, 135, 143]","[('ee', 'NN')]",N,POSITIVE,0.9092,Ee do ba be, ee do ba be,NEGATIVE,0.9311,-0.9311,21,0.4883720930232558,0.9092,38,0.3584905660377358,-13.581769,-3.4495997
118,do,do,do,119,22,5,Verse 2: David Bowie & Freddie Mercury,6,31,1,1,1,[119],"[('do', 'VB')]",V,POSITIVE,0.9963,Ee do ba be, ee do ba be,NEGATIVE,0.9311,-0.9311,21,0.4883720930232558,0.9963,86,0.8113207547169812,-11.532357,4.238173
119,ba,ba,ba,120,22,5,Verse 2: David Bowie & Freddie Mercury,6,32,13,13,13,"[3, 7, 12, 45, 46, 49, 50, 97, 98, 120, 124, 125, 126]","[('ba', 'NN')]",N,POSITIVE,0.9783,Ee do ba be, ee do ba be,NEGATIVE,0.9311,-0.9311,21,0.4883720930232558,0.9783,57,0.5377358490566038,-7.298283,-5.1989655
120,be,be,be,121,22,5,Verse 2: David Bowie & Freddie Mercury,6,33,5,5,5,"[8, 47, 51, 121, 130]","[('be', 'VB')]",V,POSITIVE,0.962,Ee do ba be, ee do ba be,NEGATIVE,0.9311,-0.9311,21,0.4883720930232558,0.962,48,0.4528301886792453,4.0142274,-17.12313
121,Ee,Ee,ee,122,23,5,Verse 2: David Bowie & Freddie Mercury,7,34,5,5,5,"[55, 118, 122, 135, 143]","[('ee', 'NN')]",N,POSITIVE,0.9092,Ee da ba ba ba, ee da ba ba ba,NEGATIVE,0.9851,-0.9851,15,0.3488372093023256,0.9092,38,0.3584905660377358,-13.651847,-2.8774025
122,da,da,da,123,23,5,Verse 2: David Bowie & Freddie Mercury,7,35,11,11,11,"[54, 94, 95, 96, 123, 136, 138, 144, 146, 148, 150]","[('da', 'NN')]",N,NEGATIVE,0.8507,Ee da ba ba ba, ee da ba ba ba,NEGATIVE,0.9851,-0.9851,15,0.3488372093023256,-0.8507,25,0.2358490566037736,-12.266279,-7.956711
123,ba,ba,ba,124,23,5,Verse 2: David Bowie & Freddie Mercury,7,36,13,13,13,"[3, 7, 12, 45, 46, 49, 50, 97, 98, 120, 124, 125, 126]","[('ba', 'NN')]",N,POSITIVE,0.9783,Ee da ba ba ba, ee da ba ba ba,NEGATIVE,0.9851,-0.9851,15,0.3488372093023256,0.9783,57,0.5377358490566038,-7.929608,-5.13793
124,ba,ba,ba,125,23,5,Verse 2: David Bowie & Freddie Mercury,7,37,13,13,13,"[3, 7, 12, 45, 46, 49, 50, 97, 98, 120, 124, 125, 126]","[('ba', 'NN')]",N,POSITIVE,0.9783,Ee da ba ba ba, ee da ba ba ba,NEGATIVE,0.9851,-0.9851,15,0.3488372093023256,0.9783,57,0.5377358490566038,-7.712653,-6.1914153
125,ba,ba,ba,126,23,5,Verse 2: David Bowie & Freddie Mercury,7,38,13,13,13,"[3, 7, 12, 45, 46, 49, 50, 97, 98, 120, 124, 125, 126]","[('ba', 'NN')]",N,POSITIVE,0.9783,Ee da ba ba ba, ee da ba ba ba,NEGATIVE,0.9851,-0.9851,15,0.3488372093023256,0.9783,57,0.5377358490566038,-8.630318,-4.4507785
126,Um,Um,um,127,24,5,Verse 2: David Bowie & Freddie Mercury,8,39,3,3,3,"[44, 48, 127]","[('um', 'NN')]",N,NEGATIVE,0.9149,Um bo bo, um bo bo,POSITIVE,0.6602,0.6602,27,0.627906976744186,-0.9149,20,0.18867924528301888,-16.508835,-3.6490502
127,bo,bo,bo,128,24,5,Verse 2: David Bowie & Freddie Mercury,8,40,2,2,2,"[128, 129]","[('bo', 'NN')]",N,POSITIVE,0.9894,Um bo bo, um bo bo,POSITIVE,0.6602,0.6602,27,0.627906976744186,0.9894,69,0.6509433962264151,-3.6504924,-4.41789
128,bo,bo,bo,129,24,5,Verse 2: David Bowie & Freddie Mercury,8,41,2,2,2,"[128, 129]","[('bo', 'NN')]",N,POSITIVE,0.9894,Um bo bo, um bo bo,POSITIVE,0.6602,0.6602,27,0.627906976744186,0.9894,69,0.6509433962264151,-3.6505668,-4.41779
129,Be,Be,be,130,25,5,Verse 2: David Bowie & Freddie Mercury,9,42,5,5,5,"[8, 47, 51, 121, 130]","[('be', 'VB')]",V,POSITIVE,0.962,Be lap, be lap,POSITIVE,0.9604,0.9604,33,0.7674418604651163,0.962,48,0.4528301886792453,4.2683835,-17.64508
130,lap,lap,lap,131,25,5,Verse 2: David Bowie & Freddie Mercury,9,43,1,1,1,[131],"[('lap', 'NN')]",N,POSITIVE,0.9929,Be lap, be lap,POSITIVE,0.9604,0.9604,33,0.7674418604651163,0.9929,76,0.7169811320754716,10.576471,7.5332417
131,People,People,people,132,26,5,Verse 2: David Bowie & Freddie Mercury,10,44,10,10,10,"[41, 85, 86, 132, 140, 177, 178, 274, 277, 286]","[('people', 'NNS')]",N,POSITIVE,0.9852,People on streets, people on streets,POSITIVE,0.9418,0.9418,31,0.7209302325581395,0.9852,65,0.6132075471698113,9.059669,9.635235
132,on,on,on,133,26,5,Verse 2: David Bowie & Freddie Mercury,10,45,13,13,13,"[18, 22, 42, 84, 87, 133, 141, 176, 179, 191, 275, 278, 287]","[('on', 'IN')]",PREP,POSITIVE,0.987,People on streets, people on streets,POSITIVE,0.9418,0.9418,31,0.7209302325581395,0.987,66,0.6226415094339622,-4.268885,-16.671642
133,streets,streets,streets,134,26,5,Verse 2: David Bowie & Freddie Mercury,10,46,7,7,7,"[43, 88, 134, 142, 180, 279, 288]","[('streets', 'NNS')]",N,POSITIVE,0.9827,People on streets, people on streets,POSITIVE,0.9418,0.9418,31,0.7209302325581395,0.9827,63,0.5943396226415094,14.557047,4.888407
134,Ee,Ee,ee,135,27,5,Verse 2: David Bowie & Freddie Mercury,11,47,5,5,5,"[55, 118, 122, 135, 143]","[('ee', 'NN')]",N,POSITIVE,0.9092,Ee da de da de, ee da de da de,NEGATIVE,0.9732,-0.9732,18,0.4186046511627907,0.9092,38,0.3584905660377358,-13.338842,-2.9259024
135,da,da,da,136,27,5,Verse 2: David Bowie & Freddie Mercury,11,48,11,11,11,"[54, 94, 95, 96, 123, 136, 138, 144, 146, 148, 150]","[('da', 'NN')]",N,NEGATIVE,0.8507,Ee da de da de, ee da de da de,NEGATIVE,0.9732,-0.9732,18,0.4186046511627907,-0.8507,25,0.2358490566037736,-13.069902,-7.636566
136,de,de,de,137,27,5,Verse 2: David Bowie & Freddie Mercury,11,49,8,8,8,"[4, 52, 91, 137, 139, 145, 147, 149]","[('de', 'NNS')]",N,POSITIVE,0.73,Ee da de da de, ee da de da de,NEGATIVE,0.9732,-0.9732,18,0.4186046511627907,0.73,32,0.3018867924528302,-8.209656,-21.961622
137,da,da,da,138,27,5,Verse 2: David Bowie & Freddie Mercury,11,50,11,11,11,"[54, 94, 95, 96, 123, 136, 138, 144, 146, 148, 150]","[('da', 'NN')]",N,NEGATIVE,0.8507,Ee da de da de, ee da de da de,NEGATIVE,0.9732,-0.9732,18,0.4186046511627907,-0.8507,25,0.2358490566037736,-12.949129,-7.0506687
138,de,de,de,139,27,5,Verse 2: David Bowie & Freddie Mercury,11,51,8,8,8,"[4, 52, 91, 137, 139, 145, 147, 149]","[('de', 'NNS')]",N,POSITIVE,0.73,Ee da de da de, ee da de da de,NEGATIVE,0.9732,-0.9732,18,0.4186046511627907,0.73,32,0.3018867924528302,-8.857274,-22.462038
139,People,People,people,140,28,5,Verse 2: David Bowie & Freddie Mercury,12,52,10,10,10,"[41, 85, 86, 132, 140, 177, 178, 274, 277, 286]","[('people', 'NNS')]",N,POSITIVE,0.9852,People on streets, people on streets,POSITIVE,0.9418,0.9418,31,0.7209302325581395,0.9852,65,0.6132075471698113,10.15257,10.318665
140,on,on,on,141,28,5,Verse 2: David Bowie & Freddie Mercury,12,53,13,13,13,"[18, 22, 42, 84, 87, 133, 141, 176, 179, 191, 275, 278, 287]","[('on', 'IN')]",PREP,POSITIVE,0.987,People on streets, people on streets,POSITIVE,0.9418,0.9418,31,0.7209302325581395,0.987,66,0.6226415094339622,-5.4444027,-16.38632
141,streets,streets,streets,142,28,5,Verse 2: David Bowie & Freddie Mercury,12,54,7,7,7,"[43, 88, 134, 142, 180, 279, 288]","[('streets', 'NNS')]",N,POSITIVE,0.9827,People on streets, people on streets,POSITIVE,0.9418,0.9418,31,0.7209302325581395,0.9827,63,0.5943396226415094,13.7284975,5.3346453
142,Ee,Ee,ee,143,29,5,Verse 2: David Bowie & Freddie Mercury,13,55,5,5,5,"[55, 118, 122, 135, 143]","[('ee', 'NN')]",N,POSITIVE,0.9092,Ee da de da de da de da, ee da de da de da de da,NEGATIVE,0.9911,-0.9911,12,0.27906976744186046,0.9092,38,0.3584905660377358,-13.80022,-3.2284594
143,da,da,da,144,29,5,Verse 2: David Bowie & Freddie Mercury,13,56,11,11,11,"[54, 94, 95, 96, 123, 136, 138, 144, 146, 148, 150]","[('da', 'NN')]",N,NEGATIVE,0.8507,Ee da de da de da de da, ee da de da de da de da,NEGATIVE,0.9911,-0.9911,12,0.27906976744186046,-0.8507,25,0.2358490566037736,-11.578101,-8.131661
144,de,de,de,145,29,5,Verse 2: David Bowie & Freddie Mercury,13,57,8,8,8,"[4, 52, 91, 137, 139, 145, 147, 149]","[('de', 'NNS')]",N,POSITIVE,0.73,Ee da de da de da de da, ee da de da de da de da,NEGATIVE,0.9911,-0.9911,12,0.27906976744186046,0.73,32,0.3018867924528302,-8.294735,-23.082792
145,da,da,da,146,29,5,Verse 2: David Bowie & Freddie Mercury,13,58,11,11,11,"[54, 94, 95, 96, 123, 136, 138, 144, 146, 148, 150]","[('da', 'NN')]",N,NEGATIVE,0.8507,Ee da de da de da de da, ee da de da de da de da,NEGATIVE,0.9911,-0.9911,12,0.27906976744186046,-0.8507,25,0.2358490566037736,-12.026343,-8.563992
146,de,de,de,147,29,5,Verse 2: David Bowie & Freddie Mercury,13,59,8,8,8,"[4, 52, 91, 137, 139, 145, 147, 149]","[('de', 'NNS')]",N,POSITIVE,0.73,Ee da de da de da de da, ee da de da de da de da,NEGATIVE,0.9911,-0.9911,12,0.27906976744186046,0.73,32,0.3018867924528302,-7.651367,-22.559456
147,da,da,da,148,29,5,Verse 2: David Bowie & Freddie Mercury,13,60,11,11,11,"[54, 94, 95, 96, 123, 136, 138, 144, 146, 148, 150]","[('da', 'NN')]",N,NEGATIVE,0.8507,Ee da de da de da de da, ee da de da de da de da,NEGATIVE,0.9911,-0.9911,12,0.27906976744186046,-0.8507,25,0.2358490566037736,-12.409355,-7.5128264
148,de,de,de,149,29,5,Verse 2: David Bowie & Freddie Mercury,13,61,8,8,8,"[4, 52, 91, 137, 139, 145, 147, 149]","[('de', 'NNS')]",N,POSITIVE,0.73,Ee da de da de da de da, ee da de da de da de da,NEGATIVE,0.9911,-0.9911,12,0.27906976744186046,0.73,32,0.3018867924528302,-7.863793,-22.956778
149,da,da,da,150,29,5,Verse 2: David Bowie & Freddie Mercury,13,62,11,11,11,"[54, 94, 95, 96, 123, 136, 138, 144, 146, 148, 150]","[('da', 'NN')]",N,NEGATIVE,0.8507,Ee da de da de da de da, ee da de da de da de da,NEGATIVE,0.9911,-0.9911,12,0.27906976744186046,-0.8507,25,0.2358490566037736,-12.371455,-6.8446064
150,It's,It's,it's,151,30,6,Chorus: David Bowie & Freddie Mercury,1,1,3,3,3,"[60, 151, 204]","[('it', 'PRP'), (""'s"", 'VBZ')]",MULT,POSITIVE,0.9988,It's the terror of knowing what this world is about, it's the terror of knowing what this world is about,NEGATIVE,0.8637,-0.8637,22,0.5116279069767442,0.9988,96,0.9056603773584906,18.033905,-4.9663177
151,the,the,the,152,30,6,Chorus: David Bowie & Freddie Mercury,1,2,7,7,7,"[61, 106, 110, 152, 273, 276, 282]","[('the', 'DT')]",DET,POSITIVE,0.9636,It's the terror of knowing what this world is about, it's the terror of knowing what this world is about,NEGATIVE,0.8637,-0.8637,22,0.5116279069767442,0.9636,49,0.46226415094339623,-1.5467565,-7.5797024
152,terror,terror,terror,153,30,6,Chorus: David Bowie & Freddie Mercury,1,3,2,2,2,"[62, 153]","[('terror', 'NN')]",N,NEGATIVE,0.9981,It's the terror of knowing what this world is about, it's the terror of knowing what this world is about,NEGATIVE,0.8637,-0.8637,22,0.5116279069767442,-0.9981,6,0.05660377358490566,8.813834,2.7373967
153,of,of,of,154,30,6,Chorus: David Bowie & Freddie Mercury,1,4,4,4,4,"[63, 154, 281, 295]","[('of', 'IN')]",PREP,POSITIVE,0.9193,It's the terror of knowing what this world is about, it's the terror of knowing what this world is about,NEGATIVE,0.8637,-0.8637,22,0.5116279069767442,0.9193,41,0.3867924528301887,-8.750965,-17.745275
154,knowing,knowing,knowing,155,30,6,Chorus: David Bowie & Freddie Mercury,1,5,2,2,2,"[64, 155]","[('knowing', 'VBG')]",V,POSITIVE,0.9989,It's the terror of knowing what this world is about, it's the terror of knowing what this world is about,NEGATIVE,0.8637,-0.8637,22,0.5116279069767442,0.9989,97,0.9150943396226415,6.759323,-0.8520188
155,what,what,what,156,30,6,Chorus: David Bowie & Freddie Mercury,1,6,2,2,2,"[65, 156]","[('what', 'WP')]",OTH,POSITIVE,0.9943,It's the terror of knowing what this world is about, it's the terror of knowing what this world is about,NEGATIVE,0.8637,-0.8637,22,0.5116279069767442,0.9943,80,0.7547169811320755,8.944315,-13.339273
156,this,this,this,157,30,6,Chorus: David Bowie & Freddie Mercury,1,7,5,5,5,"[66, 157, 299, 304, 309]","[('this', 'DT')]",DET,POSITIVE,0.9931,It's the terror of knowing what this world is about, it's the terror of knowing what this world is about,NEGATIVE,0.8637,-0.8637,22,0.5116279069767442,0.9931,77,0.7264150943396226,-0.636217,4.5798454
157,world,world,world,158,30,6,Chorus: David Bowie & Freddie Mercury,1,8,2,2,2,"[67, 158]","[('world', 'NN')]",N,POSITIVE,0.9981,It's the terror of knowing what this world is about, it's the terror of knowing what this world is about,NEGATIVE,0.8637,-0.8637,22,0.5116279069767442,0.9981,91,0.8584905660377359,8.5565405,13.736419
158,is,is,is,159,30,6,Chorus: David Bowie & Freddie Mercury,1,9,5,5,5,"[68, 159, 300, 305, 310]","[('is', 'VBZ')]",V,POSITIVE,0.9275,It's the terror of knowing what this world is about, it's the terror of knowing what this world is about,NEGATIVE,0.8637,-0.8637,22,0.5116279069767442,0.9275,42,0.39622641509433965,-4.5262885,-11.314592
159,about,about,about,160,30,6,Chorus: David Bowie & Freddie Mercury,1,10,3,3,3,"[69, 160, 297]","[('about', 'IN')]",PREP,POSITIVE,0.9686,It's the terror of knowing what this world is about, it's the terror of knowing what this world is about,NEGATIVE,0.8637,-0.8637,22,0.5116279069767442,0.9686,52,0.49056603773584906,-1.0016171,-15.414334
160,Watching,Watching,watching,161,31,6,Chorus: David Bowie & Freddie Mercury,2,11,2,2,2,"[70, 161]","[('watching', 'VBG')]",V,POSITIVE,0.9973,"Watching some good friends screaming, 'Let me out'", watching some good friends screaming 'let me out',NEGATIVE,0.9956,-0.9956,7,0.16279069767441862,0.9973,89,0.839622641509434,4.6496425,-1.6297073
161,some,some,some,162,31,6,Chorus: David Bowie & Freddie Mercury,2,12,2,2,2,"[71, 162]","[('some', 'DT')]",DET,POSITIVE,0.9431,"Watching some good friends screaming, 'Let me out'", watching some good friends screaming 'let me out',NEGATIVE,0.9956,-0.9956,7,0.16279069767441862,0.9431,44,0.41509433962264153,1.2160517,8.018896
162,good,good,good,163,31,6,Chorus: David Bowie & Freddie Mercury,2,13,2,2,2,"[72, 163]","[('good', 'JJ')]",ADJ,POSITIVE,0.9998,"Watching some good friends screaming, 'Let me out'", watching some good friends screaming 'let me out',NEGATIVE,0.9956,-0.9956,7,0.16279069767441862,0.9998,105,0.9905660377358491,12.051411,-1.2602856
163,friends,friends,friends,164,31,6,Chorus: David Bowie & Freddie Mercury,2,14,2,2,2,"[73, 164]","[('friends', 'NNS')]",N,POSITIVE,0.9998,"Watching some good friends screaming, 'Let me out'", watching some good friends screaming 'let me out',NEGATIVE,0.9956,-0.9956,7,0.16279069767441862,0.9998,105,0.9905660377358491,7.332955,7.705896
164,"screaming,",screaming,screaming,165,31,6,Chorus: David Bowie & Freddie Mercury,2,15,2,2,2,"[74, 165]","[('screaming', 'VBG')]",V,NEGATIVE,0.9994,"Watching some good friends screaming, 'Let me out'", watching some good friends screaming 'let me out',NEGATIVE,0.9956,-0.9956,7,0.16279069767441862,-0.9994,3,0.02830188679245283,10.8319645,3.3911693
165,'Let,'Let,'let,166,31,6,Chorus: David Bowie & Freddie Mercury,2,16,1,1,1,[166],"[(""'let"", 'NN')]",N,NEGATIVE,0.8637,"Watching some good friends screaming, 'Let me out'", watching some good friends screaming 'let me out',NEGATIVE,0.9956,-0.9956,7,0.16279069767441862,-0.8637,24,0.22641509433962265,0.98728466,-12.368164
166,me,me,me,167,31,6,Chorus: David Bowie & Freddie Mercury,2,17,5,5,5,"[19, 76, 81, 167, 172]","[('me', 'PRP')]",PRON,POSITIVE,0.9947,"Watching some good friends screaming, 'Let me out'", watching some good friends screaming 'let me out',NEGATIVE,0.9956,-0.9956,7,0.16279069767441862,0.9947,82,0.7735849056603774,4.282977,11.099798
167,out',out',out',168,31,6,Chorus: David Bowie & Freddie Mercury,2,18,1,1,1,[168],"[('out', 'IN')]",PREP,NEGATIVE,0.9846,"Watching some good friends screaming, 'Let me out'", watching some good friends screaming 'let me out',NEGATIVE,0.9956,-0.9956,7,0.16279069767441862,-0.9846,13,0.12264150943396226,0.18148501,-11.8634615
168,Pray,Pray,pray,169,32,6,Chorus: David Bowie & Freddie Mercury,3,19,2,2,2,"[78, 169]","[('pray', 'NN')]",N,NEGATIVE,0.9303,"Pray tomorrow gets me higher, high", pray tomorrow gets me higher high,POSITIVE,0.9925,0.9925,36,0.8372093023255814,-0.9303,18,0.16981132075471697,-5.227847,4.7830863
169,tomorrow,tomorrow,tomorrow,170,32,6,Chorus: David Bowie & Freddie Mercury,3,20,2,2,2,"[79, 170]","[('tomorrow', 'NN')]",N,POSITIVE,0.9987,"Pray tomorrow gets me higher, high", pray tomorrow gets me higher high,POSITIVE,0.9925,0.9925,36,0.8372093023255814,0.9987,95,0.8962264150943396,18.151064,6.3357387
170,gets,gets,gets,171,32,6,Chorus: David Bowie & Freddie Mercury,3,21,2,2,2,"[80, 171]","[('gets', 'VBZ')]",V,POSITIVE,0.9993,"Pray tomorrow gets me higher, high", pray tomorrow gets me higher high,POSITIVE,0.9925,0.9925,36,0.8372093023255814,0.9993,101,0.9528301886792453,-5.0397596,-8.741757
171,me,me,me,172,32,6,Chorus: David Bowie & Freddie Mercury,3,22,5,5,5,"[19, 76, 81, 167, 172]","[('me', 'PRP')]",PRON,POSITIVE,0.9947,"Pray tomorrow gets me higher, high", pray tomorrow gets me higher high,POSITIVE,0.9925,0.9925,36,0.8372093023255814,0.9947,82,0.7735849056603774,4.6565228,11.511045
172,"higher,",higher,higher,173,32,6,Chorus: David Bowie & Freddie Mercury,3,23,2,2,2,"[82, 173]","[('higher', 'JJR')]",ADJ,POSITIVE,0.9996,"Pray tomorrow gets me higher, high", pray tomorrow gets me higher high,POSITIVE,0.9925,0.9925,36,0.8372093023255814,0.9996,103,0.9716981132075472,-9.79492,-0.38927433
173,high,high,high,174,32,6,Chorus: David Bowie & Freddie Mercury,3,24,1,1,1,[174],"[('high', 'JJ')]",ADJ,POSITIVE,0.9998,"Pray tomorrow gets me higher, high", pray tomorrow gets me higher high,POSITIVE,0.9925,0.9925,36,0.8372093023255814,0.9998,105,0.9905660377358491,-9.957091,0.18803875
174,Pressure,Pressure,pressure,175,33,6,Chorus: David Bowie & Freddie Mercury,4,25,9,9,9,"[15, 29, 83, 175, 220, 313, 315, 317, 318]","[('pressure', 'NN')]",N,NEGATIVE,0.9933,"Pressure on people, people on streets", pressure on people people on streets,NEGATIVE,0.9958,-0.9958,5,0.11627906976744186,-0.9933,9,0.08490566037735849,3.1292582,1.2779801
175,on,on,on,176,33,6,Chorus: David Bowie & Freddie Mercury,4,26,13,13,13,"[18, 22, 42, 84, 87, 133, 141, 176, 179, 191, 275, 278, 287]","[('on', 'IN')]",PREP,POSITIVE,0.987,"Pressure on people, people on streets", pressure on people people on streets,NEGATIVE,0.9958,-0.9958,5,0.11627906976744186,0.987,66,0.6226415094339622,-4.897298,-16.188555
176,"people,",people,people,177,33,6,Chorus: David Bowie & Freddie Mercury,4,27,10,10,10,"[41, 85, 86, 132, 140, 177, 178, 274, 277, 286]","[('people', 'NNS')]",N,POSITIVE,0.9852,"Pressure on people, people on streets", pressure on people people on streets,NEGATIVE,0.9958,-0.9958,5,0.11627906976744186,0.9852,65,0.6132075471698113,9.356636,10.288672
177,people,people,people,178,33,6,Chorus: David Bowie & Freddie Mercury,4,28,10,10,10,"[41, 85, 86, 132, 140, 177, 178, 274, 277, 286]","[('people', 'NNS')]",N,POSITIVE,0.9852,"Pressure on people, people on streets", pressure on people people on streets,NEGATIVE,0.9958,-0.9958,5,0.11627906976744186,0.9852,65,0.6132075471698113,9.889951,10.7698965
178,on,on,on,179,33,6,Chorus: David Bowie & Freddie Mercury,4,29,13,13,13,"[18, 22, 42, 84, 87, 133, 141, 176, 179, 191, 275, 278, 287]","[('on', 'IN')]",PREP,POSITIVE,0.987,"Pressure on people, people on streets", pressure on people people on streets,NEGATIVE,0.9958,-0.9958,5,0.11627906976744186,0.987,66,0.6226415094339622,-5.0191116,-16.75804
179,streets,streets,streets,180,33,6,Chorus: David Bowie & Freddie Mercury,4,30,7,7,7,"[43, 88, 134, 142, 180, 279, 288]","[('streets', 'NNS')]",N,POSITIVE,0.9827,"Pressure on people, people on streets", pressure on people people on streets,NEGATIVE,0.9958,-0.9958,5,0.11627906976744186,0.9827,63,0.5943396226415094,14.031407,5.64555
180,Turned,Turned,turned,181,34,7,Bridge: David Bowie & Freddie Mercury,1,1,1,1,1,[181],"[('turned', 'VBD')]",V,POSITIVE,0.9944,Turned away from it all like a blind man, turned away from it all like a blind man,NEGATIVE,0.9957,-0.9957,6,0.13953488372093023,0.9944,81,0.7641509433962265,1.8622315,-2.5924666
181,away,away,away,182,34,7,Bridge: David Bowie & Freddie Mercury,1,2,1,1,1,[182],"[('away', 'RB')]",ADV,NEGATIVE,0.9977,Turned away from it all like a blind man, turned away from it all like a blind man,NEGATIVE,0.9957,-0.9957,6,0.13953488372093023,-0.9977,7,0.0660377358490566,9.590743,6.4583273
182,from,from,from,183,34,7,Bridge: David Bowie & Freddie Mercury,1,3,1,1,1,[183],"[('from', 'IN')]",PREP,POSITIVE,0.7563,Turned away from it all like a blind man, turned away from it all like a blind man,NEGATIVE,0.9957,-0.9957,6,0.13953488372093023,0.7563,33,0.3113207547169811,-6.21484,-18.516533
183,it,it,it,184,34,7,Bridge: David Bowie & Freddie Mercury,1,4,4,4,4,"[112, 116, 184, 195]","[('it', 'PRP')]",PRON,POSITIVE,0.9927,Turned away from it all like a blind man, turned away from it all like a blind man,NEGATIVE,0.9957,-0.9957,6,0.13953488372093023,0.9927,75,0.7075471698113207,3.8931584,-6.6852727
184,all,all,all,185,34,7,Bridge: David Bowie & Freddie Mercury,1,5,1,1,1,[185],"[('all', 'DT')]",DET,POSITIVE,0.9903,Turned away from it all like a blind man, turned away from it all like a blind man,NEGATIVE,0.9957,-0.9957,6,0.13953488372093023,0.9903,72,0.6792452830188679,2.503455,-5.6041827
185,like,like,like,186,34,7,Bridge: David Bowie & Freddie Mercury,1,6,1,1,1,[186],"[('like', 'IN')]",PREP,POSITIVE,0.9911,Turned away from it all like a blind man, turned away from it all like a blind man,NEGATIVE,0.9957,-0.9957,6,0.13953488372093023,0.9911,74,0.6981132075471698,0.2695615,-8.801822
186,a,a,a,187,34,7,Bridge: David Bowie & Freddie Mercury,1,7,4,4,4,"[32, 36, 187, 192]","[('a', 'DT')]",DET,POSITIVE,0.9873,Turned away from it all like a blind man, turned away from it all like a blind man,NEGATIVE,0.9957,-0.9957,6,0.13953488372093023,0.9873,67,0.6320754716981132,-7.6779222,-10.732364
187,blind,blind,blind,188,34,7,Bridge: David Bowie & Freddie Mercury,1,8,1,1,1,[188],"[('blind', 'NN')]",N,NEGATIVE,0.9997,Turned away from it all like a blind man, turned away from it all like a blind man,NEGATIVE,0.9957,-0.9957,6,0.13953488372093023,-0.9997,1,0.009433962264150943,6.9755926,2.927234
188,man,man,man,189,34,7,Bridge: David Bowie & Freddie Mercury,1,9,2,2,2,"[25, 189]","[('man', 'NN')]",N,POSITIVE,0.8134,Turned away from it all like a blind man, turned away from it all like a blind man,NEGATIVE,0.9957,-0.9957,6,0.13953488372093023,0.8134,35,0.330188679245283,-3.1092472,-1.6889427
189,Sat,Sat,sat,190,35,7,Bridge: David Bowie & Freddie Mercury,2,10,1,1,1,[190],"[('sat', 'NN')]",N,POSITIVE,0.9666,Sat on a fence but it don't work, sat on a fence but it don't work,NEGATIVE,0.9996,-0.9996,0,0.0,0.9666,51,0.4811320754716981,-8.343114,-3.0941393
190,on,on,on,191,35,7,Bridge: David Bowie & Freddie Mercury,2,11,13,13,13,"[18, 22, 42, 84, 87, 133, 141, 176, 179, 191, 275, 278, 287]","[('on', 'IN')]",PREP,POSITIVE,0.987,Sat on a fence but it don't work, sat on a fence but it don't work,NEGATIVE,0.9996,-0.9996,0,0.0,0.987,66,0.6226415094339622,-6.131484,-16.418472
191,a,a,a,192,35,7,Bridge: David Bowie & Freddie Mercury,2,12,4,4,4,"[32, 36, 187, 192]","[('a', 'DT')]",DET,POSITIVE,0.9873,Sat on a fence but it don't work, sat on a fence but it don't work,NEGATIVE,0.9996,-0.9996,0,0.0,0.9873,67,0.6320754716981132,-7.5895467,-10.629298
192,fence,fence,fence,193,35,7,Bridge: David Bowie & Freddie Mercury,2,13,1,1,1,[193],"[('fence', 'NN')]",N,POSITIVE,0.9343,Sat on a fence but it don't work, sat on a fence but it don't work,NEGATIVE,0.9996,-0.9996,0,0.0,0.9343,43,0.4056603773584906,7.1298003,3.477826
193,but,but,but,194,35,7,Bridge: David Bowie & Freddie Mercury,2,14,3,3,3,"[115, 194, 203]","[('but', 'CC')]",CONJ,NEGATIVE,0.9101,Sat on a fence but it don't work, sat on a fence but it don't work,NEGATIVE,0.9996,-0.9996,0,0.0,-0.9101,21,0.19811320754716982,12.896837,-6.3090615
194,it,it,it,195,35,7,Bridge: David Bowie & Freddie Mercury,2,15,4,4,4,"[112, 116, 184, 195]","[('it', 'PRP')]",PRON,POSITIVE,0.9927,Sat on a fence but it don't work, sat on a fence but it don't work,NEGATIVE,0.9996,-0.9996,0,0.0,0.9927,75,0.7075471698113207,3.8286934,-6.7981505
195,don't,don't,don't,196,35,7,Bridge: David Bowie & Freddie Mercury,2,16,1,1,1,[196],"[('do', 'VBP'), (""n't"", 'RB')]",MULT,NEGATIVE,0.9883,Sat on a fence but it don't work, sat on a fence but it don't work,NEGATIVE,0.9996,-0.9996,0,0.0,-0.9883,12,0.11320754716981132,17.060278,-10.205589
196,work,work,work,197,35,7,Bridge: David Bowie & Freddie Mercury,2,17,1,1,1,[197],"[('work', 'NN')]",N,POSITIVE,0.9994,Sat on a fence but it don't work, sat on a fence but it don't work,NEGATIVE,0.9996,-0.9996,0,0.0,0.9994,102,0.9622641509433962,10.415135,7.6003833
197,Keep,Keep,keep,198,36,7,Bridge: David Bowie & Freddie Mercury,3,18,1,1,1,[198],"[('keep', 'VB')]",V,POSITIVE,0.9989,Keep coming up with love but it's so slashed and torn, keep coming up with love but it's so slashed and torn,NEGATIVE,0.9984,-0.9984,2,0.046511627906976744,0.9989,97,0.9150943396226415,-3.2909634,-6.574165
198,coming,coming,coming,199,36,7,Bridge: David Bowie & Freddie Mercury,3,19,1,1,1,[199],"[('coming', 'VBG')]",V,POSITIVE,0.9989,Keep coming up with love but it's so slashed and torn, keep coming up with love but it's so slashed and torn,NEGATIVE,0.9984,-0.9984,2,0.046511627906976744,0.9989,97,0.9150943396226415,-3.408224,2.235529
199,up,up,up,200,36,7,Bridge: David Bowie & Freddie Mercury,3,20,1,1,1,[200],"[('up', 'RB')]",ADV,POSITIVE,0.9992,Keep coming up with love but it's so slashed and torn, keep coming up with love but it's so slashed and torn,NEGATIVE,0.9984,-0.9984,2,0.046511627906976744,0.9992,100,0.9433962264150944,-7.391336,1.0703062
200,with,with,with,201,36,7,Bridge: David Bowie & Freddie Mercury,3,21,1,1,1,[201],"[('with', 'IN')]",PREP,POSITIVE,0.9826,Keep coming up with love but it's so slashed and torn, keep coming up with love but it's so slashed and torn,NEGATIVE,0.9984,-0.9984,2,0.046511627906976744,0.9826,62,0.5849056603773585,-3.0626202,-17.340952
201,love,love,love,202,36,7,Bridge: David Bowie & Freddie Mercury,3,22,18,18,18,"[202, 212, 213, 214, 215, 216, 234, 243, 245, 247, 249, 251, 253, 255, 257, 259, 267, 285]","[('love', 'NN')]",N,POSITIVE,0.9999,Keep coming up with love but it's so slashed and torn, keep coming up with love but it's so slashed and torn,NEGATIVE,0.9984,-0.9984,2,0.046511627906976744,0.9999,106,1.0,6.6569085,24.388512
202,but,but,but,203,36,7,Bridge: David Bowie & Freddie Mercury,3,23,3,3,3,"[115, 194, 203]","[('but', 'CC')]",CONJ,NEGATIVE,0.9101,Keep coming up with love but it's so slashed and torn, keep coming up with love but it's so slashed and torn,NEGATIVE,0.9984,-0.9984,2,0.046511627906976744,-0.9101,21,0.19811320754716982,12.896837,-6.3090615
203,it's,it's,it's,204,36,7,Bridge: David Bowie & Freddie Mercury,3,24,3,3,3,"[60, 151, 204]","[('it', 'PRP'), (""'s"", 'VBZ')]",MULT,POSITIVE,0.9988,Keep coming up with love but it's so slashed and torn, keep coming up with love but it's so slashed and torn,NEGATIVE,0.9984,-0.9984,2,0.046511627906976744,0.9988,96,0.9056603773584906,18.033834,-4.9657526
204,so,so,so,205,36,7,Bridge: David Bowie & Freddie Mercury,3,25,1,1,1,[205],"[('so', 'RB')]",ADV,POSITIVE,0.913,Keep coming up with love but it's so slashed and torn, keep coming up with love but it's so slashed and torn,NEGATIVE,0.9984,-0.9984,2,0.046511627906976744,0.913,39,0.36792452830188677,11.649934,-5.0044427
205,slashed,slashed,slashed,206,36,7,Bridge: David Bowie & Freddie Mercury,3,26,1,1,1,[206],"[('slashed', 'VBD')]",V,NEGATIVE,0.9993,Keep coming up with love but it's so slashed and torn, keep coming up with love but it's so slashed and torn,NEGATIVE,0.9984,-0.9984,2,0.046511627906976744,-0.9993,4,0.03773584905660377,1.656029,-3.2590928
206,and,and,and,207,36,7,Bridge: David Bowie & Freddie Mercury,3,27,4,4,4,"[207, 263, 266, 284]","[('and', 'CC')]",CONJ,POSITIVE,0.9708,Keep coming up with love but it's so slashed and torn, keep coming up with love but it's so slashed and torn,NEGATIVE,0.9984,-0.9984,2,0.046511627906976744,0.9708,54,0.5094339622641509,-12.23875,-16.402315
207,torn,torn,torn,208,36,7,Bridge: David Bowie & Freddie Mercury,3,28,1,1,1,[208],"[('torn', 'NN')]",N,NEGATIVE,0.9995,Keep coming up with love but it's so slashed and torn, keep coming up with love but it's so slashed and torn,NEGATIVE,0.9984,-0.9984,2,0.046511627906976744,-0.9995,2,0.018867924528301886,1.0816655,-3.8275583
208,"Why,",Why,why,209,37,7,Bridge: David Bowie & Freddie Mercury,4,29,5,5,5,"[209, 210, 211, 230, 239]","[('why', 'WRB')]",OTH,NEGATIVE,0.9814,"Why, why, why?", why why why,NEGATIVE,0.9974,-0.9974,3,0.06976744186046512,-0.9814,14,0.1320754716981132,9.048281,-11.426887
209,"why,",why,why,210,37,7,Bridge: David Bowie & Freddie Mercury,4,30,5,5,5,"[209, 210, 211, 230, 239]","[('why', 'WRB')]",OTH,NEGATIVE,0.9814,"Why, why, why?", why why why,NEGATIVE,0.9974,-0.9974,3,0.06976744186046512,-0.9814,14,0.1320754716981132,9.522863,-11.745426
210,why?,why,why,211,37,7,Bridge: David Bowie & Freddie Mercury,4,31,5,5,5,"[209, 210, 211, 230, 239]","[('why', 'WRB')]",OTH,NEGATIVE,0.9814,"Why, why, why?", why why why,NEGATIVE,0.9974,-0.9974,3,0.06976744186046512,-0.9814,14,0.1320754716981132,9.634967,-11.533806
211,"Love,",Love,love,212,38,7,Bridge: David Bowie & Freddie Mercury,5,32,18,18,18,"[202, 212, 213, 214, 215, 216, 234, 243, 245, 247, 249, 251, 253, 255, 257, 259, 267, 285]","[('love', 'NN')]",N,POSITIVE,0.9999,"Love, love, love, love, love", love love love love love,POSITIVE,0.9997,0.9997,42,0.9767441860465116,0.9999,106,1.0,8.017157,25.975895
212,"love,",love,love,213,38,7,Bridge: David Bowie & Freddie Mercury,5,33,18,18,18,"[202, 212, 213, 214, 215, 216, 234, 243, 245, 247, 249, 251, 253, 255, 257, 259, 267, 285]","[('love', 'NN')]",N,POSITIVE,0.9999,"Love, love, love, love, love", love love love love love,POSITIVE,0.9997,0.9997,42,0.9767441860465116,0.9999,106,1.0,7.3041563,25.764475
213,"love,",love,love,214,38,7,Bridge: David Bowie & Freddie Mercury,5,34,18,18,18,"[202, 212, 213, 214, 215, 216, 234, 243, 245, 247, 249, 251, 253, 255, 257, 259, 267, 285]","[('love', 'NN')]",N,POSITIVE,0.9999,"Love, love, love, love, love", love love love love love,POSITIVE,0.9997,0.9997,42,0.9767441860465116,0.9999,106,1.0,9.494845,24.401463
214,"love,",love,love,215,38,7,Bridge: David Bowie & Freddie Mercury,5,35,18,18,18,"[202, 212, 213, 214, 215, 216, 234, 243, 245, 247, 249, 251, 253, 255, 257, 259, 267, 285]","[('love', 'NN')]",N,POSITIVE,0.9999,"Love, love, love, love, love", love love love love love,POSITIVE,0.9997,0.9997,42,0.9767441860465116,0.9999,106,1.0,7.481718,24.163132
215,love,love,love,216,38,7,Bridge: David Bowie & Freddie Mercury,5,36,18,18,18,"[202, 212, 213, 214, 215, 216, 234, 243, 245, 247, 249, 251, 253, 255, 257, 259, 267, 285]","[('love', 'NN')]",N,POSITIVE,0.9999,"Love, love, love, love, love", love love love love love,POSITIVE,0.9997,0.9997,42,0.9767441860465116,0.9999,106,1.0,8.139131,23.856297
216,Insanity,Insanity,insanity,217,39,7,Bridge: David Bowie & Freddie Mercury,6,37,1,1,1,[217],"[('insanity', 'NN')]",N,NEGATIVE,0.9997,Insanity laughs under pressure we're breaking, insanity laughs under pressure we're breaking,POSITIVE,0.9942,0.9942,37,0.8604651162790697,-0.9997,1,0.009433962264150943,7.828677,1.8987173
217,laughs,laughs,laughs,218,39,7,Bridge: David Bowie & Freddie Mercury,6,38,1,1,1,[218],"[('laughs', 'NNS')]",N,POSITIVE,0.9999,Insanity laughs under pressure we're breaking, insanity laughs under pressure we're breaking,POSITIVE,0.9942,0.9942,37,0.8604651162790697,0.9999,106,1.0,7.482855,5.6214147
218,under,under,under,219,39,7,Bridge: David Bowie & Freddie Mercury,6,39,5,5,5,"[28, 219, 312, 314, 316]","[('under', 'IN')]",PREP,POSITIVE,0.9166,Insanity laughs under pressure we're breaking, insanity laughs under pressure we're breaking,POSITIVE,0.9942,0.9942,37,0.8604651162790697,0.9166,40,0.37735849056603776,-2.5955122,-21.173578
219,pressure,pressure,pressure,220,39,7,Bridge: David Bowie & Freddie Mercury,6,40,9,9,9,"[15, 29, 83, 175, 220, 313, 315, 317, 318]","[('pressure', 'NN')]",N,NEGATIVE,0.9933,Insanity laughs under pressure we're breaking, insanity laughs under pressure we're breaking,POSITIVE,0.9942,0.9942,37,0.8604651162790697,-0.9933,9,0.08490566037735849,2.7292452,1.5868813
220,we're,we're,we're,221,39,7,Bridge: David Bowie & Freddie Mercury,6,41,1,1,1,[221],"[('we', 'PRP'), (""'re"", 'VBP')]",MULT,POSITIVE,0.9996,Insanity laughs under pressure we're breaking, insanity laughs under pressure we're breaking,POSITIVE,0.9942,0.9942,37,0.8604651162790697,0.9996,103,0.9716981132075472,18.285887,-3.8708
221,breaking,breaking,breaking,222,39,7,Bridge: David Bowie & Freddie Mercury,6,42,1,1,1,[222],"[('breaking', 'VBG')]",V,POSITIVE,0.5017,Insanity laughs under pressure we're breaking, insanity laughs under pressure we're breaking,POSITIVE,0.9942,0.9942,37,0.8604651162790697,0.5017,29,0.27358490566037735,-1.6546184,-5.9766
222,Can't,Can't,can't,223,40,8,Verse 3: Freddie Mercury,1,1,3,3,3,"[223, 231, 240]","[('ca', 'MD'), (""n't"", 'RB')]",MULT,NEGATIVE,0.9911,Can't we give ourselves one more chance?, can't we give ourselves one more chance,NEGATIVE,0.9971,-0.9971,4,0.09302325581395349,-0.9911,10,0.09433962264150944,17.27551,-9.449121
223,we,we,we,224,40,8,Verse 3: Freddie Mercury,1,2,3,3,3,"[224, 232, 241]","[('we', 'PRP')]",PRON,POSITIVE,0.9982,Can't we give ourselves one more chance?, can't we give ourselves one more chance,NEGATIVE,0.9971,-0.9971,4,0.09302325581395349,0.9982,92,0.8679245283018868,-0.2933531,16.314907
224,give,give,give,225,40,8,Verse 3: Freddie Mercury,1,3,11,11,11,"[225, 233, 242, 244, 246, 248, 250, 252, 254, 256, 258]","[('give', 'VB')]",V,POSITIVE,0.9993,Can't we give ourselves one more chance?, can't we give ourselves one more chance,NEGATIVE,0.9971,-0.9971,4,0.09302325581395349,0.9993,101,0.9528301886792453,-7.9069233,6.734368
225,ourselves,ourselves,ourselves,226,40,8,Verse 3: Freddie Mercury,1,4,3,3,3,"[226, 298, 311]","[('ourselves', 'NNS')]",N,POSITIVE,0.9908,Can't we give ourselves one more chance?, can't we give ourselves one more chance,NEGATIVE,0.9971,-0.9971,4,0.09302325581395349,0.9908,73,0.6886792452830188,4.601356,15.273346
226,one,one,one,227,40,8,Verse 3: Freddie Mercury,1,5,2,2,2,"[227, 236]","[('one', 'CD')]",DET,POSITIVE,0.9883,Can't we give ourselves one more chance?, can't we give ourselves one more chance,NEGATIVE,0.9971,-0.9971,4,0.09302325581395349,0.9883,68,0.6415094339622641,7.285167,-7.4423747
227,more,more,more,228,40,8,Verse 3: Freddie Mercury,1,6,2,2,2,"[228, 237]","[('more', 'RBR')]",ADV,POSITIVE,0.9969,Can't we give ourselves one more chance?, can't we give ourselves one more chance,NEGATIVE,0.9971,-0.9971,4,0.09302325581395349,0.9969,88,0.8301886792452831,3.8840353,6.2079244
228,chance?,chance,chance,229,40,8,Verse 3: Freddie Mercury,1,7,2,2,2,"[229, 238]","[('chance', 'NN')]",N,POSITIVE,0.9994,Can't we give ourselves one more chance?, can't we give ourselves one more chance,NEGATIVE,0.9971,-0.9971,4,0.09302325581395349,0.9994,102,0.9622641509433962,6.7018585,-3.4592981
229,Why,Why,why,230,41,8,Verse 3: Freddie Mercury,2,8,5,5,5,"[209, 210, 211, 230, 239]","[('why', 'WRB')]",OTH,NEGATIVE,0.9814,Why can't we give love that one more chance?, why can't we give love that one more chance,NEGATIVE,0.9823,-0.9823,16,0.37209302325581395,-0.9814,14,0.1320754716981132,9.388758,-11.239963
230,can't,can't,can't,231,41,8,Verse 3: Freddie Mercury,2,9,3,3,3,"[223, 231, 240]","[('ca', 'MD'), (""n't"", 'RB')]",MULT,NEGATIVE,0.9911,Why can't we give love that one more chance?, why can't we give love that one more chance,NEGATIVE,0.9823,-0.9823,16,0.37209302325581395,-0.9911,10,0.09433962264150944,17.27529,-9.449166
231,we,we,we,232,41,8,Verse 3: Freddie Mercury,2,10,3,3,3,"[224, 232, 241]","[('we', 'PRP')]",PRON,POSITIVE,0.9982,Why can't we give love that one more chance?, why can't we give love that one more chance,NEGATIVE,0.9823,-0.9823,16,0.37209302325581395,0.9982,92,0.8679245283018868,-0.29335397,16.314909
232,give,give,give,233,41,8,Verse 3: Freddie Mercury,2,11,11,11,11,"[225, 233, 242, 244, 246, 248, 250, 252, 254, 256, 258]","[('give', 'VB')]",V,POSITIVE,0.9993,Why can't we give love that one more chance?, why can't we give love that one more chance,NEGATIVE,0.9823,-0.9823,16,0.37209302325581395,0.9993,101,0.9528301886792453,-9.611483,7.0205092
233,love,love,love,234,41,8,Verse 3: Freddie Mercury,2,12,18,18,18,"[202, 212, 213, 214, 215, 216, 234, 243, 245, 247, 249, 251, 253, 255, 257, 259, 267, 285]","[('love', 'NN')]",N,POSITIVE,0.9999,Why can't we give love that one more chance?, why can't we give love that one more chance,NEGATIVE,0.9823,-0.9823,16,0.37209302325581395,0.9999,106,1.0,9.336101,25.146812
234,that,that,that,235,41,8,Verse 3: Freddie Mercury,2,13,2,2,2,"[30, 235]","[('that', 'IN')]",PREP,POSITIVE,0.9895,Why can't we give love that one more chance?, why can't we give love that one more chance,NEGATIVE,0.9823,-0.9823,16,0.37209302325581395,0.9895,70,0.660377358490566,-3.4612517,8.269451
235,one,one,one,236,41,8,Verse 3: Freddie Mercury,2,14,2,2,2,"[227, 236]","[('one', 'CD')]",DET,POSITIVE,0.9883,Why can't we give love that one more chance?, why can't we give love that one more chance,NEGATIVE,0.9823,-0.9823,16,0.37209302325581395,0.9883,68,0.6415094339622641,7.285416,-7.439629
236,more,more,more,237,41,8,Verse 3: Freddie Mercury,2,15,2,2,2,"[228, 237]","[('more', 'RBR')]",ADV,POSITIVE,0.9969,Why can't we give love that one more chance?, why can't we give love that one more chance,NEGATIVE,0.9823,-0.9823,16,0.37209302325581395,0.9969,88,0.8301886792452831,3.8842294,6.2079606
237,chance?,chance,chance,238,41,8,Verse 3: Freddie Mercury,2,16,2,2,2,"[229, 238]","[('chance', 'NN')]",N,POSITIVE,0.9994,Why can't we give love that one more chance?, why can't we give love that one more chance,NEGATIVE,0.9823,-0.9823,16,0.37209302325581395,0.9994,102,0.9622641509433962,6.7023106,-3.4593604
238,Why,Why,why,239,42,8,Verse 3: Freddie Mercury,3,17,5,5,5,"[209, 210, 211, 230, 239]","[('why', 'WRB')]",OTH,NEGATIVE,0.9814,"Why can't we give love, give love, give love, give love", why can't we give love give love give love give love,POSITIVE,0.7225,0.7225,28,0.6511627906976745,-0.9814,14,0.1320754716981132,9.082392,-11.657445
239,can't,can't,can't,240,42,8,Verse 3: Freddie Mercury,3,18,3,3,3,"[223, 231, 240]","[('ca', 'MD'), (""n't"", 'RB')]",MULT,NEGATIVE,0.9911,"Why can't we give love, give love, give love, give love", why can't we give love give love give love give love,POSITIVE,0.7225,0.7225,28,0.6511627906976745,-0.9911,10,0.09433962264150944,17.275112,-9.449136
240,we,we,we,241,42,8,Verse 3: Freddie Mercury,3,19,3,3,3,"[224, 232, 241]","[('we', 'PRP')]",PRON,POSITIVE,0.9982,"Why can't we give love, give love, give love, give love", why can't we give love give love give love give love,POSITIVE,0.7225,0.7225,28,0.6511627906976745,0.9982,92,0.8679245283018868,-0.29335323,16.314907
241,give,give,give,242,42,8,Verse 3: Freddie Mercury,3,20,11,11,11,"[225, 233, 242, 244, 246, 248, 250, 252, 254, 256, 258]","[('give', 'VB')]",V,POSITIVE,0.9993,"Why can't we give love, give love, give love, give love", why can't we give love give love give love give love,POSITIVE,0.7225,0.7225,28,0.6511627906976745,0.9993,101,0.9528301886792453,-8.337236,6.2500725
242,"love,",love,love,243,42,8,Verse 3: Freddie Mercury,3,21,18,18,18,"[202, 212, 213, 214, 215, 216, 234, 243, 245, 247, 249, 251, 253, 255, 257, 259, 267, 285]","[('love', 'NN')]",N,POSITIVE,0.9999,"Why can't we give love, give love, give love, give love", why can't we give love give love give love give love,POSITIVE,0.7225,0.7225,28,0.6511627906976745,0.9999,106,1.0,7.947094,25.24831
243,give,give,give,244,42,8,Verse 3: Freddie Mercury,3,22,11,11,11,"[225, 233, 242, 244, 246, 248, 250, 252, 254, 256, 258]","[('give', 'VB')]",V,POSITIVE,0.9993,"Why can't we give love, give love, give love, give love", why can't we give love give love give love give love,POSITIVE,0.7225,0.7225,28,0.6511627906976745,0.9993,101,0.9528301886792453,-8.89778,7.8415565
244,"love,",love,love,245,42,8,Verse 3: Freddie Mercury,3,23,18,18,18,"[202, 212, 213, 214, 215, 216, 234, 243, 245, 247, 249, 251, 253, 255, 257, 259, 267, 285]","[('love', 'NN')]",N,POSITIVE,0.9999,"Why can't we give love, give love, give love, give love", why can't we give love give love give love give love,POSITIVE,0.7225,0.7225,28,0.6511627906976745,0.9999,106,1.0,8.6288595,24.949461
245,give,give,give,246,42,8,Verse 3: Freddie Mercury,3,24,11,11,11,"[225, 233, 242, 244, 246, 248, 250, 252, 254, 256, 258]","[('give', 'VB')]",V,POSITIVE,0.9993,"Why can't we give love, give love, give love, give love", why can't we give love give love give love give love,POSITIVE,0.7225,0.7225,28,0.6511627906976745,0.9993,101,0.9528301886792453,-7.9807034,7.290021
246,"love,",love,love,247,42,8,Verse 3: Freddie Mercury,3,25,18,18,18,"[202, 212, 213, 214, 215, 216, 234, 243, 245, 247, 249, 251, 253, 255, 257, 259, 267, 285]","[('love', 'NN')]",N,POSITIVE,0.9999,"Why can't we give love, give love, give love, give love", why can't we give love give love give love give love,POSITIVE,0.7225,0.7225,28,0.6511627906976745,0.9999,106,1.0,7.0005975,23.648695
247,give,give,give,248,42,8,Verse 3: Freddie Mercury,3,26,11,11,11,"[225, 233, 242, 244, 246, 248, 250, 252, 254, 256, 258]","[('give', 'VB')]",V,POSITIVE,0.9993,"Why can't we give love, give love, give love, give love", why can't we give love give love give love give love,POSITIVE,0.7225,0.7225,28,0.6511627906976745,0.9993,101,0.9528301886792453,-8.974592,6.1611376
248,love,love,love,249,42,8,Verse 3: Freddie Mercury,3,27,18,18,18,"[202, 212, 213, 214, 215, 216, 234, 243, 245, 247, 249, 251, 253, 255, 257, 259, 267, 285]","[('love', 'NN')]",N,POSITIVE,0.9999,"Why can't we give love, give love, give love, give love", why can't we give love give love give love give love,POSITIVE,0.7225,0.7225,28,0.6511627906976745,0.9999,106,1.0,8.731855,24.270117
249,Give,Give,give,250,43,8,Verse 3: Freddie Mercury,4,28,11,11,11,"[225, 233, 242, 244, 246, 248, 250, 252, 254, 256, 258]","[('give', 'VB')]",V,POSITIVE,0.9993,"Give love, give love, give love, give love, give love?", give love give love give love give love give love,POSITIVE,0.9997,0.9997,42,0.9767441860465116,0.9993,101,0.9528301886792453,-8.322053,7.722437
250,"love,",love,love,251,43,8,Verse 3: Freddie Mercury,4,29,18,18,18,"[202, 212, 213, 214, 215, 216, 234, 243, 245, 247, 249, 251, 253, 255, 257, 259, 267, 285]","[('love', 'NN')]",N,POSITIVE,0.9999,"Give love, give love, give love, give love, give love?", give love give love give love give love give love,POSITIVE,0.9997,0.9997,42,0.9767441860465116,0.9999,106,1.0,7.387247,24.854906
251,give,give,give,252,43,8,Verse 3: Freddie Mercury,4,30,11,11,11,"[225, 233, 242, 244, 246, 248, 250, 252, 254, 256, 258]","[('give', 'VB')]",V,POSITIVE,0.9993,"Give love, give love, give love, give love, give love?", give love give love give love give love give love,POSITIVE,0.9997,0.9997,42,0.9767441860465116,0.9993,101,0.9528301886792453,-9.328823,6.547731
252,"love,",love,love,253,43,8,Verse 3: Freddie Mercury,4,31,18,18,18,"[202, 212, 213, 214, 215, 216, 234, 243, 245, 247, 249, 251, 253, 255, 257, 259, 267, 285]","[('love', 'NN')]",N,POSITIVE,0.9999,"Give love, give love, give love, give love, give love?", give love give love give love give love give love,POSITIVE,0.9997,0.9997,42,0.9767441860465116,0.9999,106,1.0,7.680605,23.230503
253,give,give,give,254,43,8,Verse 3: Freddie Mercury,4,32,11,11,11,"[225, 233, 242, 244, 246, 248, 250, 252, 254, 256, 258]","[('give', 'VB')]",V,POSITIVE,0.9993,"Give love, give love, give love, give love, give love?", give love give love give love give love give love,POSITIVE,0.9997,0.9997,42,0.9767441860465116,0.9993,101,0.9528301886792453,-9.456983,7.5853662
254,"love,",love,love,255,43,8,Verse 3: Freddie Mercury,4,33,18,18,18,"[202, 212, 213, 214, 215, 216, 234, 243, 245, 247, 249, 251, 253, 255, 257, 259, 267, 285]","[('love', 'NN')]",N,POSITIVE,0.9999,"Give love, give love, give love, give love, give love?", give love give love give love give love give love,POSITIVE,0.9997,0.9997,42,0.9767441860465116,0.9999,106,1.0,6.763096,25.208395
255,give,give,give,256,43,8,Verse 3: Freddie Mercury,4,34,11,11,11,"[225, 233, 242, 244, 246, 248, 250, 252, 254, 256, 258]","[('give', 'VB')]",V,POSITIVE,0.9993,"Give love, give love, give love, give love, give love?", give love give love give love give love give love,POSITIVE,0.9997,0.9997,42,0.9767441860465116,0.9993,101,0.9528301886792453,-8.607216,6.7986336
256,"love,",love,love,257,43,8,Verse 3: Freddie Mercury,4,35,18,18,18,"[202, 212, 213, 214, 215, 216, 234, 243, 245, 247, 249, 251, 253, 255, 257, 259, 267, 285]","[('love', 'NN')]",N,POSITIVE,0.9999,"Give love, give love, give love, give love, give love?", give love give love give love give love give love,POSITIVE,0.9997,0.9997,42,0.9767441860465116,0.9999,106,1.0,8.5011835,23.22869
257,give,give,give,258,43,8,Verse 3: Freddie Mercury,4,36,11,11,11,"[225, 233, 242, 244, 246, 248, 250, 252, 254, 256, 258]","[('give', 'VB')]",V,POSITIVE,0.9993,"Give love, give love, give love, give love, give love?", give love give love give love give love give love,POSITIVE,0.9997,0.9997,42,0.9767441860465116,0.9993,101,0.9528301886792453,-8.861927,7.17087
258,love?,love,love,259,43,8,Verse 3: Freddie Mercury,4,37,18,18,18,"[202, 212, 213, 214, 215, 216, 234, 243, 245, 247, 249, 251, 253, 255, 257, 259, 267, 285]","[('love', 'NN')]",N,POSITIVE,0.9999,"Give love, give love, give love, give love, give love?", give love give love give love give love give love,POSITIVE,0.9997,0.9997,42,0.9767441860465116,0.9999,106,1.0,8.057233,24.546322
259,Because,Because,because,260,44,9,Outro: David Bowie,1,1,1,1,1,[260],"[('because', 'IN')]",PREP,NEGATIVE,0.8893,Because love's such an old-fashioned word, because love's such and old-fashioned word,POSITIVE,0.9979,0.9979,39,0.9069767441860465,-0.8893,22,0.20754716981132076,12.148043,-7.2170033
260,love's,love's,love's,261,44,9,Outro: David Bowie,1,2,1,1,1,[261],"[('love', 'NN'), (""'s"", 'POS')]",MULT,POSITIVE,0.9998,Because love's such an old-fashioned word, because love's such and old-fashioned word,POSITIVE,0.9979,0.9979,39,0.9069767441860465,0.9998,105,0.9905660377358491,9.717703,26.90414
261,such,such,such,262,44,9,Outro: David Bowie,1,3,1,1,1,[262],"[('such', 'JJ')]",ADJ,POSITIVE,0.951,Because love's such an old-fashioned word, because love's such and old-fashioned word,POSITIVE,0.9979,0.9979,39,0.9069767441860465,0.951,46,0.4339622641509434,2.1204016,-6.278095
262,an,an,and,263,44,9,Outro: David Bowie,1,4,4,4,4,"[207, 263, 266, 284]","[('and', 'CC')]",CONJ,POSITIVE,0.9708,Because love's such an old-fashioned word, because love's such and old-fashioned word,POSITIVE,0.9979,0.9979,39,0.9069767441860465,0.9708,54,0.5094339622641509,-12.161772,-16.415497
263,old-fashioned,old-fashioned,old-fashioned,264,44,9,Outro: David Bowie,1,5,1,1,1,[264],"[('old-fashioned', 'JJ')]",ADJ,POSITIVE,0.9942,Because love's such an old-fashioned word, because love's such and old-fashioned word,POSITIVE,0.9979,0.9979,39,0.9069767441860465,0.9942,79,0.7452830188679245,9.065796,0.26813367
264,word,word,word,265,44,9,Outro: David Bowie,1,6,1,1,1,[265],"[('word', 'NN')]",N,POSITIVE,0.9836,Because love's such an old-fashioned word, because love's such and old-fashioned word,POSITIVE,0.9979,0.9979,39,0.9069767441860465,0.9836,64,0.6037735849056604,-2.2856648,-2.2606704
265,And,And,and,266,45,9,Outro: David Bowie,2,7,4,4,4,"[207, 263, 266, 284]","[('and', 'CC')]",CONJ,POSITIVE,0.9708,And love dares you to care for, and love dares you to care for,POSITIVE,0.9998,0.9998,43,1.0,0.9708,54,0.5094339622641509,-12.172287,-16.534107
266,love,love,love,267,45,9,Outro: David Bowie,2,8,18,18,18,"[202, 212, 213, 214, 215, 216, 234, 243, 245, 247, 249, 251, 253, 255, 257, 259, 267, 285]","[('love', 'NN')]",N,POSITIVE,0.9999,And love dares you to care for, and love dares you to care for,POSITIVE,0.9998,0.9998,43,1.0,0.9999,106,1.0,9.160283,23.65996
267,dares,dares,dares,268,45,9,Outro: David Bowie,2,9,2,2,2,"[268, 289]","[('dares', 'NNS')]",N,POSITIVE,0.9964,And love dares you to care for, and love dares you to care for,POSITIVE,0.9998,0.9998,43,1.0,0.9964,87,0.8207547169811321,-6.2266974,14.50431
268,you,you,you,269,45,9,Outro: David Bowie,2,10,3,3,3,"[23, 269, 290]","[('you', 'PRP')]",PRON,POSITIVE,0.9991,And love dares you to care for, and love dares you to care for,POSITIVE,0.9998,0.9998,43,1.0,0.9991,99,0.9339622641509434,0.5267074,11.718834
269,to,to,to,270,45,9,Outro: David Bowie,2,11,2,2,2,"[270, 291]","[('to', 'TO')]",OTH,POSITIVE,0.9653,And love dares you to care for, and love dares you to care for,POSITIVE,0.9998,0.9998,43,1.0,0.9653,50,0.4716981132075472,-11.03127,-12.462151
270,care,care,care,271,45,9,Outro: David Bowie,2,12,1,1,1,[271],"[('care', 'NN')]",N,POSITIVE,0.999,And love dares you to care for, and love dares you to care for,POSITIVE,0.9998,0.9998,43,1.0,0.999,98,0.9245283018867925,6.1853094,0.53003263
271,for,for,for,272,45,9,Outro: David Bowie,2,13,2,2,2,"[27, 272]","[('for', 'IN')]",PREP,POSITIVE,0.9701,And love dares you to care for, and love dares you to care for,POSITIVE,0.9998,0.9998,43,1.0,0.9701,53,0.5,-9.20625,-14.486614
272,The,The,the,273,46,9,Outro: David Bowie,3,14,7,7,7,"[61, 106, 110, 152, 273, 276, 282]","[('the', 'DT')]",DET,POSITIVE,0.9636,The people on the (People on streets) edge of the night, the people on the people on streets edge of the night,POSITIVE,0.9474,0.9474,32,0.7441860465116279,0.9636,49,0.46226415094339623,-1.5776235,-7.98622
273,people,people,people,274,46,9,Outro: David Bowie,3,15,10,10,10,"[41, 85, 86, 132, 140, 177, 178, 274, 277, 286]","[('people', 'NNS')]",N,POSITIVE,0.9852,The people on the (People on streets) edge of the night, the people on the people on streets edge of the night,POSITIVE,0.9474,0.9474,32,0.7441860465116279,0.9852,65,0.6132075471698113,9.984701,9.850312
274,on,on,on,275,46,9,Outro: David Bowie,3,16,13,13,13,"[18, 22, 42, 84, 87, 133, 141, 176, 179, 191, 275, 278, 287]","[('on', 'IN')]",PREP,POSITIVE,0.987,The people on the (People on streets) edge of the night, the people on the people on streets edge of the night,POSITIVE,0.9474,0.9474,32,0.7441860465116279,0.987,66,0.6226415094339622,-4.710899,-15.601965
275,the,the,the,276,46,9,Outro: David Bowie,3,17,7,7,7,"[61, 106, 110, 152, 273, 276, 282]","[('the', 'DT')]",DET,POSITIVE,0.9636,The people on the (People on streets) edge of the night, the people on the people on streets edge of the night,POSITIVE,0.9474,0.9474,32,0.7441860465116279,0.9636,49,0.46226415094339623,-1.2743151,-8.256689
276,(People,People,people,277,46,9,Outro: David Bowie,3,18,10,10,10,"[41, 85, 86, 132, 140, 177, 178, 274, 277, 286]","[('people', 'NNS')]",N,POSITIVE,0.9852,The people on the (People on streets) edge of the night, the people on the people on streets edge of the night,POSITIVE,0.9474,0.9474,32,0.7441860465116279,0.9852,65,0.6132075471698113,8.599733,10.430013
277,on,on,on,278,46,9,Outro: David Bowie,3,19,13,13,13,"[18, 22, 42, 84, 87, 133, 141, 176, 179, 191, 275, 278, 287]","[('on', 'IN')]",PREP,POSITIVE,0.987,The people on the (People on streets) edge of the night, the people on the people on streets edge of the night,POSITIVE,0.9474,0.9474,32,0.7441860465116279,0.987,66,0.6226415094339622,-4.217021,-16.077776
278,streets),streets,streets,279,46,9,Outro: David Bowie,3,20,7,7,7,"[43, 88, 134, 142, 180, 279, 288]","[('streets', 'NNS')]",N,POSITIVE,0.9827,The people on the (People on streets) edge of the night, the people on the people on streets edge of the night,POSITIVE,0.9474,0.9474,32,0.7441860465116279,0.9827,63,0.5943396226415094,14.169339,4.711891
279,edge,edge,edge,280,46,9,Outro: David Bowie,3,21,1,1,1,[280],"[('edge', 'NN')]",N,POSITIVE,0.9986,The people on the (People on streets) edge of the night, the people on the people on streets edge of the night,POSITIVE,0.9474,0.9474,32,0.7441860465116279,0.9986,94,0.8867924528301887,-0.4582821,-6.173323
280,of,of,of,281,46,9,Outro: David Bowie,3,22,4,4,4,"[63, 154, 281, 295]","[('of', 'IN')]",PREP,POSITIVE,0.9193,The people on the (People on streets) edge of the night, the people on the people on streets edge of the night,POSITIVE,0.9474,0.9474,32,0.7441860465116279,0.9193,41,0.3867924528301887,-8.797194,-17.978855
281,the,the,the,282,46,9,Outro: David Bowie,3,23,7,7,7,"[61, 106, 110, 152, 273, 276, 282]","[('the', 'DT')]",DET,POSITIVE,0.9636,The people on the (People on streets) edge of the night, the people on the people on streets edge of the night,POSITIVE,0.9474,0.9474,32,0.7441860465116279,0.9636,49,0.46226415094339623,-0.82422686,-7.469675
282,night,night,night,283,46,9,Outro: David Bowie,3,24,1,1,1,[283],"[('night', 'NN')]",N,POSITIVE,0.9803,The people on the (People on streets) edge of the night, the people on the people on streets edge of the night,POSITIVE,0.9474,0.9474,32,0.7441860465116279,0.9803,61,0.5754716981132075,15.968879,11.383656
283,And,And,and,284,47,9,Outro: David Bowie,4,25,4,4,4,"[207, 263, 266, 284]","[('and', 'CC')]",CONJ,POSITIVE,0.9708,And love (People on streets) dares you to change our way of, and love people on streets dares you to change our way of,POSITIVE,0.9996,0.9996,41,0.9534883720930233,0.9708,54,0.5094339622641509,-12.263846,-16.532877
284,love,love,love,285,47,9,Outro: David Bowie,4,26,18,18,18,"[202, 212, 213, 214, 215, 216, 234, 243, 245, 247, 249, 251, 253, 255, 257, 259, 267, 285]","[('love', 'NN')]",N,POSITIVE,0.9999,And love (People on streets) dares you to change our way of, and love people on streets dares you to change our way of,POSITIVE,0.9996,0.9996,41,0.9534883720930233,0.9999,106,1.0,8.688817,25.67044
285,(People,People,people,286,47,9,Outro: David Bowie,4,27,10,10,10,"[41, 85, 86, 132, 140, 177, 178, 274, 277, 286]","[('people', 'NNS')]",N,POSITIVE,0.9852,And love (People on streets) dares you to change our way of, and love people on streets dares you to change our way of,POSITIVE,0.9996,0.9996,41,0.9534883720930233,0.9852,65,0.6132075471698113,8.6678705,9.928695
286,on,on,on,287,47,9,Outro: David Bowie,4,28,13,13,13,"[18, 22, 42, 84, 87, 133, 141, 176, 179, 191, 275, 278, 287]","[('on', 'IN')]",PREP,POSITIVE,0.987,And love (People on streets) dares you to change our way of, and love people on streets dares you to change our way of,POSITIVE,0.9996,0.9996,41,0.9534883720930233,0.987,66,0.6226415094339622,-5.526255,-17.269512
287,streets),streets,streets,288,47,9,Outro: David Bowie,4,29,7,7,7,"[43, 88, 134, 142, 180, 279, 288]","[('streets', 'NNS')]",N,POSITIVE,0.9827,And love (People on streets) dares you to change our way of, and love people on streets dares you to change our way of,POSITIVE,0.9996,0.9996,41,0.9534883720930233,0.9827,63,0.5943396226415094,13.791393,4.930199
288,dares,dares,dares,289,47,9,Outro: David Bowie,4,30,2,2,2,"[268, 289]","[('dares', 'NNS')]",N,POSITIVE,0.9964,And love (People on streets) dares you to change our way of, and love people on streets dares you to change our way of,POSITIVE,0.9996,0.9996,41,0.9534883720930233,0.9964,87,0.8207547169811321,-6.2262936,14.504231
289,you,you,you,290,47,9,Outro: David Bowie,4,31,3,3,3,"[23, 269, 290]","[('you', 'PRP')]",PRON,POSITIVE,0.9991,And love (People on streets) dares you to change our way of, and love people on streets dares you to change our way of,POSITIVE,0.9996,0.9996,41,0.9534883720930233,0.9991,99,0.9339622641509434,0.5267076,11.7189455
290,to,to,to,291,47,9,Outro: David Bowie,4,32,2,2,2,"[270, 291]","[('to', 'TO')]",OTH,POSITIVE,0.9653,And love (People on streets) dares you to change our way of, and love people on streets dares you to change our way of,POSITIVE,0.9996,0.9996,41,0.9534883720930233,0.9653,50,0.4716981132075472,-11.031145,-12.4621935
291,change,change,change,292,47,9,Outro: David Bowie,4,33,1,1,1,[292],"[('change', 'NN')]",N,POSITIVE,0.9963,And love (People on streets) dares you to change our way of, and love people on streets dares you to change our way of,POSITIVE,0.9996,0.9996,41,0.9534883720930233,0.9963,86,0.8113207547169812,9.593842,7.9654856
292,our,our,our,293,47,9,Outro: David Bowie,4,34,3,3,3,"[293, 301, 306]","[('our', 'PRP$')]",PRON,POSITIVE,0.9981,And love (People on streets) dares you to change our way of, and love people on streets dares you to change our way of,POSITIVE,0.9996,0.9996,41,0.9534883720930233,0.9981,91,0.8584905660377359,1.3473397,17.768175
293,way,way,way,294,47,9,Outro: David Bowie,4,35,1,1,1,[294],"[('way', 'NN')]",N,POSITIVE,0.9973,And love (People on streets) dares you to change our way of, and love people on streets dares you to change our way of,POSITIVE,0.9996,0.9996,41,0.9534883720930233,0.9973,89,0.839622641509434,-1.4536564,-1.3848888
294,of,of,of,295,47,9,Outro: David Bowie,4,36,4,4,4,"[63, 154, 281, 295]","[('of', 'IN')]",PREP,POSITIVE,0.9193,And love (People on streets) dares you to change our way of, and love people on streets dares you to change our way of,POSITIVE,0.9996,0.9996,41,0.9534883720930233,0.9193,41,0.3867924528301887,-8.825055,-17.735788
295,Caring,Caring,caring,296,48,9,Outro: David Bowie,5,37,1,1,1,[296],"[('caring', 'VBG')]",V,POSITIVE,0.9997,Caring about ourselves, caring about ourselves,POSITIVE,0.9994,0.9994,40,0.9302325581395349,0.9997,104,0.9811320754716981,6.6591415,-0.028554566
296,about,about,about,297,48,9,Outro: David Bowie,5,38,3,3,3,"[69, 160, 297]","[('about', 'IN')]",PREP,POSITIVE,0.9686,Caring about ourselves, caring about ourselves,POSITIVE,0.9994,0.9994,40,0.9302325581395349,0.9686,52,0.49056603773584906,-0.99621516,-15.416627
297,ourselves,ourselves,ourselves,298,48,9,Outro: David Bowie,5,39,3,3,3,"[226, 298, 311]","[('ourselves', 'NNS')]",N,POSITIVE,0.9908,Caring about ourselves, caring about ourselves,POSITIVE,0.9994,0.9994,40,0.9302325581395349,0.9908,73,0.6886792452830188,4.601356,15.273346
298,This,This,this,299,49,9,Outro: David Bowie,6,40,5,5,5,"[66, 157, 299, 304, 309]","[('this', 'DT')]",DET,POSITIVE,0.9931,This is our last dance, this is our last dance,POSITIVE,0.5028,0.5028,25,0.5813953488372093,0.9931,77,0.7264150943396226,-0.40410158,4.151512
299,is,is,is,300,49,9,Outro: David Bowie,6,41,5,5,5,"[68, 159, 300, 305, 310]","[('is', 'VBZ')]",V,POSITIVE,0.9275,This is our last dance, this is our last dance,POSITIVE,0.5028,0.5028,25,0.5813953488372093,0.9275,42,0.39622641509433965,-4.5289354,-11.313982
300,our,our,our,301,49,9,Outro: David Bowie,6,42,3,3,3,"[293, 301, 306]","[('our', 'PRP$')]",PRON,POSITIVE,0.9981,This is our last dance, this is our last dance,POSITIVE,0.5028,0.5028,25,0.5813953488372093,0.9981,91,0.8584905660377359,1.3473397,17.768175
301,last,last,last,302,49,9,Outro: David Bowie,6,43,2,2,2,"[302, 307]","[('last', 'JJ')]",ADJ,POSITIVE,0.9794,This is our last dance, this is our last dance,POSITIVE,0.5028,0.5028,25,0.5813953488372093,0.9794,60,0.5660377358490566,-2.2755198,1.1800078
302,dance,dance,dance,303,49,9,Outro: David Bowie,6,44,2,2,2,"[303, 308]","[('dance', 'NN')]",N,POSITIVE,0.9993,This is our last dance, this is our last dance,POSITIVE,0.5028,0.5028,25,0.5813953488372093,0.9993,101,0.9528301886792453,12.62696,12.692617
303,This,This,this,304,50,9,Outro: David Bowie,7,45,5,5,5,"[66, 157, 299, 304, 309]","[('this', 'DT')]",DET,POSITIVE,0.9931,This is our last dance, this is our last dance,POSITIVE,0.5028,0.5028,25,0.5813953488372093,0.9931,77,0.7264150943396226,-0.139294,4.4026613
304,is,is,is,305,50,9,Outro: David Bowie,7,46,5,5,5,"[68, 159, 300, 305, 310]","[('is', 'VBZ')]",V,POSITIVE,0.9275,This is our last dance, this is our last dance,POSITIVE,0.5028,0.5028,25,0.5813953488372093,0.9275,42,0.39622641509433965,-4.887355,-11.556737
305,our,our,our,306,50,9,Outro: David Bowie,7,47,3,3,3,"[293, 301, 306]","[('our', 'PRP$')]",PRON,POSITIVE,0.9981,This is our last dance, this is our last dance,POSITIVE,0.5028,0.5028,25,0.5813953488372093,0.9981,91,0.8584905660377359,1.3473399,17.768175
306,last,last,last,307,50,9,Outro: David Bowie,7,48,2,2,2,"[302, 307]","[('last', 'JJ')]",ADJ,POSITIVE,0.9794,This is our last dance, this is our last dance,POSITIVE,0.5028,0.5028,25,0.5813953488372093,0.9794,60,0.5660377358490566,-2.275775,1.1801969
307,dance,dance,dance,308,50,9,Outro: David Bowie,7,49,2,2,2,"[303, 308]","[('dance', 'NN')]",N,POSITIVE,0.9993,This is our last dance, this is our last dance,POSITIVE,0.5028,0.5028,25,0.5813953488372093,0.9993,101,0.9528301886792453,12.627112,12.692462
308,This,This,this,309,51,9,Outro: David Bowie,8,50,5,5,5,"[66, 157, 299, 304, 309]","[('this', 'DT')]",DET,POSITIVE,0.9931,This is ourselves under pressure, this is ourselves under pressure,NEGATIVE,0.9913,-0.9913,11,0.2558139534883721,0.9931,77,0.7264150943396226,-0.6746535,4.3754683
309,is,is,is,310,51,9,Outro: David Bowie,8,51,5,5,5,"[68, 159, 300, 305, 310]","[('is', 'VBZ')]",V,POSITIVE,0.9275,This is ourselves under pressure, this is ourselves under pressure,NEGATIVE,0.9913,-0.9913,11,0.2558139534883721,0.9275,42,0.39622641509433965,-4.6868253,-11.833344
310,ourselves,ourselves,ourselves,311,51,9,Outro: David Bowie,8,52,3,3,3,"[226, 298, 311]","[('ourselves', 'NNS')]",N,POSITIVE,0.9908,This is ourselves under pressure, this is ourselves under pressure,NEGATIVE,0.9913,-0.9913,11,0.2558139534883721,0.9908,73,0.6886792452830188,4.6013308,15.273357
311,under,under,under,312,51,9,Outro: David Bowie,8,53,5,5,5,"[28, 219, 312, 314, 316]","[('under', 'IN')]",PREP,POSITIVE,0.9166,This is ourselves under pressure, this is ourselves under pressure,NEGATIVE,0.9913,-0.9913,11,0.2558139534883721,0.9166,40,0.37735849056603776,-3.0173352,-20.79032
312,pressure,pressure,pressure,313,51,9,Outro: David Bowie,8,54,9,9,9,"[15, 29, 83, 175, 220, 313, 315, 317, 318]","[('pressure', 'NN')]",N,NEGATIVE,0.9933,This is ourselves under pressure, this is ourselves under pressure,NEGATIVE,0.9913,-0.9913,11,0.2558139534883721,-0.9933,9,0.08490566037735849,2.5217876,2.030612
313,Under,Under,under,314,52,9,Outro: David Bowie,9,55,5,5,5,"[28, 219, 312, 314, 316]","[('under', 'IN')]",PREP,POSITIVE,0.9166,Under pressure, under pressure,NEGATIVE,0.9852,-0.9852,14,0.32558139534883723,0.9166,40,0.37735849056603776,-2.434645,-20.827707
314,pressure,pressure,pressure,315,52,9,Outro: David Bowie,9,56,9,9,9,"[15, 29, 83, 175, 220, 313, 315, 317, 318]","[('pressure', 'NN')]",N,NEGATIVE,0.9933,Under pressure, under pressure,NEGATIVE,0.9852,-0.9852,14,0.32558139534883723,-0.9933,9,0.08490566037735849,2.7747228,2.4643195
315,Under,Under,under,316,53,9,Outro: David Bowie,10,57,5,5,5,"[28, 219, 312, 314, 316]","[('under', 'IN')]",PREP,POSITIVE,0.9166,Under pressure, under pressure,NEGATIVE,0.9852,-0.9852,14,0.32558139534883723,0.9166,40,0.37735849056603776,-2.9634056,-21.128271
316,pressure,pressure,pressure,317,53,9,Outro: David Bowie,10,58,9,9,9,"[15, 29, 83, 175, 220, 313, 315, 317, 318]","[('pressure', 'NN')]",N,NEGATIVE,0.9933,Under pressure, under pressure,NEGATIVE,0.9852,-0.9852,14,0.32558139534883723,-0.9933,9,0.08490566037735849,3.8306262,1.8893652
317,Pressure,Pressure,pressure,318,54,9,Outro: David Bowie,11,59,9,9,9,"[15, 29, 83, 175, 220, 313, 315, 317, 318]","[('pressure', 'NN')]",N,NEGATIVE,0.9933,Pressure, pressure,NEGATIVE,0.9933,-0.9933,8,0.18604651162790697,-0.9933,9,0.08490566037735849,3.7076552,2.3876529
