,Unnamed: 0,Unnamed: 0.1,Unnamed: 0.1.1,Unnamed: 0.1.1.1,word_original,word_no_punctuation,word_can_search,word_index_in_song,line_index_in_song,stanza_index_in_song,stanza_description,line_index_in_stanza,word_index_in_line,count_with_all_chorus,count_with_first_chorus,count_with_no_chorus,list_of_indexes,textblob_pos_tags,broad_pos_tag,hugface_label,hugface_score,line_original,line_classified,line_label,line_score,line_positivity,line_positivity_rank,line_positivity_norm,word_positivity,word_positivity_rank,word_positivity_norm,positivity_bar_chart,song_name,artist_name,tsne_x_combined,tsne_y_combined
0,0,0,0,0,I,I,I,1,1,1,Verse 1: Bill Withers,1,1,9,9,9,"[1, 28, 34, 81, 164, 165, 190, 195, 243]","[('I', 'PRP')]",PRON,POSITIVE,0.9797,I see the crystal raindrops fall, I see the crystal raindrops fall,NEGATIVE,0.7746,-0.7746,4,0.2222222222222222,0.9797,32,0.4923076923076923,pos_word_neg_line,Just the Two of Us,Grover Washington Jr.,6.476741313934326,-5.617037773132324
1,1,1,1,1,see,see,see,2,1,1,Verse 1: Bill Withers,1,2,2,2,2,"[2, 191]","[('see', 'VB')]",V,POSITIVE,0.9984,I see the crystal raindrops fall, I see the crystal raindrops fall,NEGATIVE,0.7746,-0.7746,4,0.2222222222222222,0.9984,54,0.8307692307692308,pos_word_neg_line,Just the Two of Us,Grover Washington Jr.,9.307080268859863,-12.89146614074707
2,2,2,2,2,the,the,the,3,1,1,Verse 1: Bill Withers,1,3,27,27,27,"[3, 8, 15, 43, 55, 60, 65, 72, 75, 125, 137, 142, 147, 155, 158, 167, 172, 175, 180, 186, 192, 199, 204, 216, 221, 226, 237]","[('the', 'DT')]",DET,POSITIVE,0.9636,I see the crystal raindrops fall, I see the crystal raindrops fall,NEGATIVE,0.7746,-0.7746,4,0.2222222222222222,0.9636,25,0.38461538461538464,pos_word_neg_line,Just the Two of Us,Grover Washington Jr.,5.6437530517578125,-7.906484127044678
3,3,3,3,3,crystal,crystal,crystal,4,1,1,Verse 1: Bill Withers,1,4,2,2,2,"[4, 168]","[('crystal', 'NN')]",N,POSITIVE,0.9998,I see the crystal raindrops fall, I see the crystal raindrops fall,NEGATIVE,0.7746,-0.7746,4,0.2222222222222222,0.9998,64,0.9846153846153848,pos_word_neg_line,Just the Two of Us,Grover Washington Jr.,-6.410122871398926,13.969592094421387
4,4,4,4,4,raindrops,raindrops,raindrops,5,1,1,Verse 1: Bill Withers,1,5,2,2,2,"[5, 169]","[('raindrops', 'NNS')]",N,POSITIVE,0.9911,I see the crystal raindrops fall, I see the crystal raindrops fall,NEGATIVE,0.7746,-0.7746,4,0.2222222222222222,0.9911,44,0.676923076923077,pos_word_neg_line,Just the Two of Us,Grover Washington Jr.,-5.64021110534668,19.228927612304688
5,5,5,5,5,fall,fall,fall,6,1,1,Verse 1: Bill Withers,1,6,2,2,2,"[6, 170]","[('fall', 'NN')]",N,NEGATIVE,0.9972,I see the crystal raindrops fall, I see the crystal raindrops fall,NEGATIVE,0.7746,-0.7746,4,0.2222222222222222,-0.9972,3,0.04615384615384616,neg_word_neg_line,Just the Two of Us,Grover Washington Jr.,-6.66714334487915,5.892665386199951
6,6,6,6,6,And,And,and,7,2,1,Verse 1: Bill Withers,2,7,9,9,9,"[7, 33, 80, 95, 163, 177, 183, 189, 242]","[('and', 'CC')]",CONJ,POSITIVE,0.9708,And the beauty of it all, and the beauty of it all,POSITIVE,0.9999,0.9999,18,1.0,0.9708,29,0.4461538461538462,pos_word_pos_line,Just the Two of Us,Grover Washington Jr.,10.342761039733887,-5.1989336013793945
7,7,7,7,7,the,the,the,8,2,1,Verse 1: Bill Withers,2,8,27,27,27,"[3, 8, 15, 43, 55, 60, 65, 72, 75, 125, 137, 142, 147, 155, 158, 167, 172, 175, 180, 186, 192, 199, 204, 216, 221, 226, 237]","[('the', 'DT')]",DET,POSITIVE,0.9636,And the beauty of it all, and the beauty of it all,POSITIVE,0.9999,0.9999,18,1.0,0.9636,25,0.38461538461538464,pos_word_pos_line,Just the Two of Us,Grover Washington Jr.,5.6437530517578125,-7.906484127044678
8,8,8,8,8,beauty,beauty,beauty,9,2,1,Verse 1: Bill Withers,2,9,1,1,1,[9],"[('beauty', 'NN')]",N,POSITIVE,0.9999,And the beauty of it all, and the beauty of it all,POSITIVE,0.9999,0.9999,18,1.0,0.9999,65,1.0,pos_word_pos_line,Just the Two of Us,Grover Washington Jr.,-0.09977959841489792,11.863959312438965
9,9,9,9,9,of,of,of,10,2,1,Verse 1: Bill Withers,2,10,17,17,17,"[10, 30, 45, 57, 62, 67, 77, 127, 139, 144, 149, 160, 206, 218, 223, 228, 239]","[('of', 'IN')]",PREP,POSITIVE,0.9193,And the beauty of it all, and the beauty of it all,POSITIVE,0.9999,0.9999,18,1.0,0.9193,17,0.26153846153846155,pos_word_pos_line,Just the Two of Us,Grover Washington Jr.,9.16939926147461,-9.643716812133787
10,10,10,10,10,it,it,it,11,2,1,Verse 1: Bill Withers,2,11,6,6,6,"[11, 50, 96, 132, 178, 211]","[('it', 'PRP')]",PRON,POSITIVE,0.9927,And the beauty of it all, and the beauty of it all,POSITIVE,0.9999,0.9999,18,1.0,0.9927,46,0.7076923076923077,pos_word_pos_line,Just the Two of Us,Grover Washington Jr.,7.279272556304932,-3.737928152084351
11,11,11,11,11,all,all,all,12,2,1,Verse 1: Bill Withers,2,12,3,3,3,"[12, 92, 121]","[('all', 'DT')]",DET,POSITIVE,0.9903,And the beauty of it all, and the beauty of it all,POSITIVE,0.9999,0.9999,18,1.0,0.9903,43,0.6615384615384615,pos_word_pos_line,Just the Two of Us,Grover Washington Jr.,10.814867973327637,3.3703739643096924
12,12,12,12,12,Is,Is,is,13,3,1,Verse 1: Bill Withers,3,13,2,2,2,"[13, 94]","[('is', 'VBZ')]",V,POSITIVE,0.9275,Is when the sun comes shining through, is when the sun comes shining through,POSITIVE,0.9991,0.9991,12,0.6666666666666666,0.9275,18,0.2769230769230769,pos_word_pos_line,Just the Two of Us,Grover Washington Jr.,5.113893508911133,-12.738661766052244
13,13,13,13,13,when,when,when,14,3,1,Verse 1: Bill Withers,3,14,3,3,3,"[14, 27, 185]","[('when', 'WRB')]",OTH,POSITIVE,0.9288,Is when the sun comes shining through, is when the sun comes shining through,POSITIVE,0.9991,0.9991,12,0.6666666666666666,0.9288,19,0.2923076923076923,pos_word_pos_line,Just the Two of Us,Grover Washington Jr.,11.107210159301758,-3.0220742225646973
14,14,14,14,14,the,the,the,15,3,1,Verse 1: Bill Withers,3,15,27,27,27,"[3, 8, 15, 43, 55, 60, 65, 72, 75, 125, 137, 142, 147, 155, 158, 167, 172, 175, 180, 186, 192, 199, 204, 216, 221, 226, 237]","[('the', 'DT')]",DET,POSITIVE,0.9636,Is when the sun comes shining through, is when the sun comes shining through,POSITIVE,0.9991,0.9991,12,0.6666666666666666,0.9636,25,0.38461538461538464,pos_word_pos_line,Just the Two of Us,Grover Washington Jr.,5.6437530517578125,-7.906484127044678
15,15,15,15,15,sun,sun,sun,16,3,1,Verse 1: Bill Withers,3,16,2,2,2,"[16, 194]","[('sun', 'NN')]",N,POSITIVE,0.9987,Is when the sun comes shining through, is when the sun comes shining through,POSITIVE,0.9991,0.9991,12,0.6666666666666666,0.9987,56,0.8615384615384616,pos_word_pos_line,Just the Two of Us,Grover Washington Jr.,-5.259024620056152,15.80727481842041
16,16,16,16,16,comes,comes,comes,17,3,1,Verse 1: Bill Withers,3,17,2,2,2,"[17, 188]","[('comes', 'VBZ')]",V,POSITIVE,0.9984,Is when the sun comes shining through, is when the sun comes shining through,POSITIVE,0.9991,0.9991,12,0.6666666666666666,0.9984,54,0.8307692307692308,pos_word_pos_line,Just the Two of Us,Grover Washington Jr.,-10.491598129272461,-17.132991790771484
17,17,17,17,17,shining,shining,shining,18,3,1,Verse 1: Bill Withers,3,18,1,1,1,[18],"[('shining', 'VBG')]",V,POSITIVE,0.9999,Is when the sun comes shining through, is when the sun comes shining through,POSITIVE,0.9991,0.9991,12,0.6666666666666666,0.9999,65,1.0,pos_word_pos_line,Just the Two of Us,Grover Washington Jr.,2.649521827697754,-6.0890703201293945
18,18,18,18,18,through,through,through,19,3,1,Verse 1: Bill Withers,3,19,1,1,1,[19],"[('through', 'IN')]",PREP,POSITIVE,0.8997,Is when the sun comes shining through, is when the sun comes shining through,POSITIVE,0.9991,0.9991,12,0.6666666666666666,0.8997,16,0.2461538461538461,pos_word_pos_line,Just the Two of Us,Grover Washington Jr.,9.902018547058104,-1.3900072574615479
19,19,19,19,19,To,To,to,20,4,1,Verse 1: Bill Withers,4,20,4,4,4,"[20, 36, 106, 197]","[('to', 'TO')]",OTH,POSITIVE,0.9653,To make those rainbows in my mind, to make those rainbows in my mind,POSITIVE,0.9994,0.9994,14,0.7777777777777778,0.9653,26,0.4,pos_word_pos_line,Just the Two of Us,Grover Washington Jr.,1.2756972312927246,-15.350232124328613
20,20,20,20,20,make,make,make,21,4,1,Verse 1: Bill Withers,4,21,5,5,5,"[21, 49, 98, 131, 210]","[('make', 'VB')]",V,POSITIVE,0.9996,To make those rainbows in my mind, to make those rainbows in my mind,POSITIVE,0.9994,0.9994,14,0.7777777777777778,0.9996,63,0.9692307692307692,pos_word_pos_line,Just the Two of Us,Grover Washington Jr.,-3.0625572204589844,-9.562143325805664
21,21,21,21,21,those,those,those,22,4,1,Verse 1: Bill Withers,4,22,3,3,3,"[22, 107, 112]","[('those', 'DT')]",DET,POSITIVE,0.9704,To make those rainbows in my mind, to make those rainbows in my mind,POSITIVE,0.9994,0.9994,14,0.7777777777777778,0.9704,28,0.4307692307692308,pos_word_pos_line,Just the Two of Us,Grover Washington Jr.,0.1803759187459945,-1.6938905715942385
22,22,22,22,22,rainbows,rainbows,rainbows,23,4,1,Verse 1: Bill Withers,4,23,1,1,1,[23],"[('rainbows', 'NNS')]",N,POSITIVE,0.999,To make those rainbows in my mind, to make those rainbows in my mind,POSITIVE,0.9994,0.9994,14,0.7777777777777778,0.999,57,0.8769230769230769,pos_word_pos_line,Just the Two of Us,Grover Washington Jr.,-5.8287906646728525,19.21538543701172
23,23,23,23,23,in,in,in,24,4,1,Verse 1: Bill Withers,4,24,3,3,3,"[24, 71, 154]","[('in', 'IN')]",PREP,POSITIVE,0.979,To make those rainbows in my mind, to make those rainbows in my mind,POSITIVE,0.9994,0.9994,14,0.7777777777777778,0.979,31,0.476923076923077,pos_word_pos_line,Just the Two of Us,Grover Washington Jr.,7.949272155761719,-11.402522087097168
24,24,24,24,24,my,my,my,25,4,1,Verse 1: Bill Withers,4,25,1,1,1,[25],"[('my', 'PRP$')]",PRON,POSITIVE,0.9935,To make those rainbows in my mind, to make those rainbows in my mind,POSITIVE,0.9994,0.9994,14,0.7777777777777778,0.9935,47,0.7230769230769231,pos_word_pos_line,Just the Two of Us,Grover Washington Jr.,-3.438248872756958,-2.803454875946045
25,25,25,25,25,mind,mind,mind,26,4,1,Verse 1: Bill Withers,4,26,1,1,1,[26],"[('mind', 'NN')]",N,POSITIVE,0.9984,To make those rainbows in my mind, to make those rainbows in my mind,POSITIVE,0.9994,0.9994,14,0.7777777777777778,0.9984,54,0.8307692307692308,pos_word_pos_line,Just the Two of Us,Grover Washington Jr.,-6.570417881011963,8.299991607666017
26,26,26,26,26,When,When,when,27,5,1,Verse 1: Bill Withers,5,27,3,3,3,"[14, 27, 185]","[('when', 'WRB')]",OTH,POSITIVE,0.9288,When I think of you sometime, when I think of you sometime,POSITIVE,0.9973,0.9973,8,0.4444444444444444,0.9288,19,0.2923076923076923,pos_word_pos_line,Just the Two of Us,Grover Washington Jr.,11.107210159301758,-3.0220742225646973
27,27,27,27,27,I,I,I,28,5,1,Verse 1: Bill Withers,5,28,9,9,9,"[1, 28, 34, 81, 164, 165, 190, 195, 243]","[('I', 'PRP')]",PRON,POSITIVE,0.9797,When I think of you sometime, when I think of you sometime,POSITIVE,0.9973,0.9973,8,0.4444444444444444,0.9797,32,0.4923076923076923,pos_word_pos_line,Just the Two of Us,Grover Washington Jr.,6.476741313934326,-5.617037773132324
28,28,28,28,28,think,think,think,29,5,1,Verse 1: Bill Withers,5,29,1,1,1,[29],"[('think', 'NN')]",N,POSITIVE,0.9803,When I think of you sometime, when I think of you sometime,POSITIVE,0.9973,0.9973,8,0.4444444444444444,0.9803,34,0.5230769230769231,pos_word_pos_line,Just the Two of Us,Grover Washington Jr.,-5.070229530334473,-13.149283409118652
29,29,29,29,29,of,of,of,30,5,1,Verse 1: Bill Withers,5,30,17,17,17,"[10, 30, 45, 57, 62, 67, 77, 127, 139, 144, 149, 160, 206, 218, 223, 228, 239]","[('of', 'IN')]",PREP,POSITIVE,0.9193,When I think of you sometime, when I think of you sometime,POSITIVE,0.9973,0.9973,8,0.4444444444444444,0.9193,17,0.26153846153846155,pos_word_pos_line,Just the Two of Us,Grover Washington Jr.,9.16939926147461,-9.643716812133787
30,30,30,30,30,you,you,you,31,5,1,Verse 1: Bill Withers,5,31,6,6,6,"[31, 41, 79, 162, 202, 241]","[('you', 'PRP')]",PRON,POSITIVE,0.9991,When I think of you sometime, when I think of you sometime,POSITIVE,0.9973,0.9973,8,0.4444444444444444,0.9991,58,0.8923076923076924,pos_word_pos_line,Just the Two of Us,Grover Washington Jr.,-3.064016580581665,-4.1720709800720215
31,31,31,31,31,sometime,sometime,sometime,32,5,1,Verse 1: Bill Withers,5,32,1,1,1,[32],"[('sometime', 'RB')]",ADV,POSITIVE,0.9497,When I think of you sometime, when I think of you sometime,POSITIVE,0.9973,0.9973,8,0.4444444444444444,0.9497,22,0.3384615384615385,pos_word_pos_line,Just the Two of Us,Grover Washington Jr.,12.914752006530762,2.264183521270752
32,32,32,32,32,And,And,and,33,6,1,Verse 1: Bill Withers,6,33,9,9,9,"[7, 33, 80, 95, 163, 177, 183, 189, 242]","[('and', 'CC')]",CONJ,POSITIVE,0.9708,And I want to spend some time with you, and I want to spend some time with you,POSITIVE,0.9991,0.9991,12,0.6666666666666666,0.9708,29,0.4461538461538462,pos_word_pos_line,Just the Two of Us,Grover Washington Jr.,10.342761039733887,-5.1989336013793945
33,33,33,33,33,I,I,I,34,6,1,Verse 1: Bill Withers,6,34,9,9,9,"[1, 28, 34, 81, 164, 165, 190, 195, 243]","[('I', 'PRP')]",PRON,POSITIVE,0.9797,And I want to spend some time with you, and I want to spend some time with you,POSITIVE,0.9991,0.9991,12,0.6666666666666666,0.9797,32,0.4923076923076923,pos_word_pos_line,Just the Two of Us,Grover Washington Jr.,6.476741313934326,-5.617037773132324
34,34,34,34,34,want,want,want,35,6,1,Verse 1: Bill Withers,6,35,2,2,2,"[35, 196]","[('want', 'NN')]",N,POSITIVE,0.987,And I want to spend some time with you, and I want to spend some time with you,POSITIVE,0.9991,0.9991,12,0.6666666666666666,0.987,37,0.5692307692307692,pos_word_pos_line,Just the Two of Us,Grover Washington Jr.,-0.7673208713531494,-13.12667465209961
35,35,35,35,35,to,to,to,36,6,1,Verse 1: Bill Withers,6,36,4,4,4,"[20, 36, 106, 197]","[('to', 'TO')]",OTH,POSITIVE,0.9653,And I want to spend some time with you, and I want to spend some time with you,POSITIVE,0.9991,0.9991,12,0.6666666666666666,0.9653,26,0.4,pos_word_pos_line,Just the Two of Us,Grover Washington Jr.,1.2756972312927246,-15.350232124328613
36,36,36,36,36,spend,spend,spend,37,6,1,Verse 1: Bill Withers,6,37,1,1,1,[37],"[('spend', 'NN')]",N,POSITIVE,0.9879,And I want to spend some time with you, and I want to spend some time with you,POSITIVE,0.9991,0.9991,12,0.6666666666666666,0.9879,38,0.5846153846153846,pos_word_pos_line,Just the Two of Us,Grover Washington Jr.,-3.204036235809326,-12.285223007202148
37,37,37,37,37,some,some,some,38,6,1,Verse 1: Bill Withers,6,38,1,1,1,[38],"[('some', 'DT')]",DET,POSITIVE,0.9431,And I want to spend some time with you, and I want to spend some time with you,POSITIVE,0.9991,0.9991,12,0.6666666666666666,0.9431,21,0.3230769230769231,pos_word_pos_line,Just the Two of Us,Grover Washington Jr.,15.860703468322756,3.73896861076355
38,38,38,38,38,time,time,time,39,6,1,Verse 1: Bill Withers,6,39,2,2,2,"[39, 87]","[('time', 'NN')]",N,POSITIVE,0.9581,And I want to spend some time with you, and I want to spend some time with you,POSITIVE,0.9991,0.9991,12,0.6666666666666666,0.9581,23,0.3538461538461539,pos_word_pos_line,Just the Two of Us,Grover Washington Jr.,1.1199355125427246,1.0233019590377808
39,39,39,39,39,with,with,with,40,6,1,Verse 1: Bill Withers,6,40,2,2,2,"[40, 201]","[('with', 'IN')]",PREP,POSITIVE,0.9826,And I want to spend some time with you, and I want to spend some time with you,POSITIVE,0.9991,0.9991,12,0.6666666666666666,0.9826,35,0.5384615384615384,pos_word_pos_line,Just the Two of Us,Grover Washington Jr.,7.373578071594237,-10.025128364562988
40,40,40,40,40,you,you,you,41,6,1,Verse 1: Bill Withers,6,41,6,6,6,"[31, 41, 79, 162, 202, 241]","[('you', 'PRP')]",PRON,POSITIVE,0.9991,And I want to spend some time with you, and I want to spend some time with you,POSITIVE,0.9991,0.9991,12,0.6666666666666666,0.9991,58,0.8923076923076924,pos_word_pos_line,Just the Two of Us,Grover Washington Jr.,-3.064016580581665,-4.1720709800720215
41,41,41,41,41,Just,Just,just,42,7,2,Refrain: Bill Withers,1,1,15,15,15,"[42, 54, 59, 64, 74, 124, 136, 141, 146, 157, 203, 215, 220, 225, 236]","[('just', 'RB')]",ADV,POSITIVE,0.8226,Just the two of us, just the two of us,POSITIVE,0.9991,0.9991,12,0.6666666666666666,0.8226,15,0.2307692307692308,pos_word_pos_line,Just the Two of Us,Grover Washington Jr.,10.688145637512207,5.462139129638672
42,42,42,42,42,the,the,the,43,7,2,Refrain: Bill Withers,1,2,27,27,27,"[3, 8, 15, 43, 55, 60, 65, 72, 75, 125, 137, 142, 147, 155, 158, 167, 172, 175, 180, 186, 192, 199, 204, 216, 221, 226, 237]","[('the', 'DT')]",DET,POSITIVE,0.9636,Just the two of us, just the two of us,POSITIVE,0.9991,0.9991,12,0.6666666666666666,0.9636,25,0.38461538461538464,pos_word_pos_line,Just the Two of Us,Grover Washington Jr.,5.6437530517578125,-7.906484127044678
43,43,43,43,43,two,two,two,44,7,2,Refrain: Bill Withers,1,3,15,15,15,"[44, 56, 61, 66, 76, 126, 138, 143, 148, 159, 205, 217, 222, 227, 238]","[('two', 'CD')]",DET,POSITIVE,0.9899,Just the two of us, just the two of us,POSITIVE,0.9991,0.9991,12,0.6666666666666666,0.9899,42,0.6461538461538462,pos_word_pos_line,Just the Two of Us,Grover Washington Jr.,16.847070693969727,13.55646800994873
44,44,44,44,44,of,of,of,45,7,2,Refrain: Bill Withers,1,4,17,17,17,"[10, 30, 45, 57, 62, 67, 77, 127, 139, 144, 149, 160, 206, 218, 223, 228, 239]","[('of', 'IN')]",PREP,POSITIVE,0.9193,Just the two of us, just the two of us,POSITIVE,0.9991,0.9991,12,0.6666666666666666,0.9193,17,0.26153846153846155,pos_word_pos_line,Just the Two of Us,Grover Washington Jr.,9.16939926147461,-9.643716812133787
45,45,45,45,45,us,us,us,46,7,2,Refrain: Bill Withers,1,5,15,15,15,"[46, 58, 63, 68, 78, 128, 140, 145, 150, 161, 207, 219, 224, 229, 240]","[('us', 'PRP')]",PRON,POSITIVE,0.999,Just the two of us, just the two of us,POSITIVE,0.9991,0.9991,12,0.6666666666666666,0.999,57,0.8769230769230769,pos_word_pos_line,Just the Two of Us,Grover Washington Jr.,-2.119887113571167,-0.9886552691459656
46,46,46,46,46,We,We,we,47,8,2,Refrain: Bill Withers,2,6,9,9,9,"[47, 52, 82, 117, 122, 129, 134, 208, 213]","[('we', 'PRP')]",PRON,POSITIVE,0.9982,We can make it if we try, we can make it if we try,POSITIVE,0.9996,0.9996,16,0.8888888888888888,0.9982,53,0.8153846153846154,pos_word_pos_line,Just the Two of Us,Grover Washington Jr.,8.040857315063478,-5.476059436798097
47,47,47,47,47,can,can,can,48,8,2,Refrain: Bill Withers,2,7,3,3,3,"[48, 130, 209]","[('can', 'MD')]",V,POSITIVE,0.9985,We can make it if we try, we can make it if we try,POSITIVE,0.9996,0.9996,16,0.8888888888888888,0.9985,55,0.8461538461538461,pos_word_pos_line,Just the Two of Us,Grover Washington Jr.,4.602478504180908,-12.702999114990234
48,48,48,48,48,make,make,make,49,8,2,Refrain: Bill Withers,2,8,5,5,5,"[21, 49, 98, 131, 210]","[('make', 'VB')]",V,POSITIVE,0.9996,We can make it if we try, we can make it if we try,POSITIVE,0.9996,0.9996,16,0.8888888888888888,0.9996,63,0.9692307692307692,pos_word_pos_line,Just the Two of Us,Grover Washington Jr.,-3.0625572204589844,-9.562143325805664
49,49,49,49,49,it,it,it,50,8,2,Refrain: Bill Withers,2,9,6,6,6,"[11, 50, 96, 132, 178, 211]","[('it', 'PRP')]",PRON,POSITIVE,0.9927,We can make it if we try, we can make it if we try,POSITIVE,0.9996,0.9996,16,0.8888888888888888,0.9927,46,0.7076923076923077,pos_word_pos_line,Just the Two of Us,Grover Washington Jr.,7.279272556304932,-3.737928152084351
50,50,50,50,50,if,if,if,51,8,2,Refrain: Bill Withers,2,10,3,3,3,"[51, 133, 212]","[('if', 'IN')]",PREP,POSITIVE,0.7390000000000001,We can make it if we try, we can make it if we try,POSITIVE,0.9996,0.9996,16,0.8888888888888888,0.7390000000000001,14,0.2153846153846154,pos_word_pos_line,Just the Two of Us,Grover Washington Jr.,13.479860305786133,-4.848739147186278
51,51,51,51,51,we,we,we,52,8,2,Refrain: Bill Withers,2,11,9,9,9,"[47, 52, 82, 117, 122, 129, 134, 208, 213]","[('we', 'PRP')]",PRON,POSITIVE,0.9982,We can make it if we try, we can make it if we try,POSITIVE,0.9996,0.9996,16,0.8888888888888888,0.9982,53,0.8153846153846154,pos_word_pos_line,Just the Two of Us,Grover Washington Jr.,8.040857315063478,-5.476059436798097
52,52,52,52,52,try,try,try,53,8,2,Refrain: Bill Withers,2,12,3,3,3,"[53, 135, 214]","[('try', 'NN')]",N,NEGATIVE,0.7526,We can make it if we try, we can make it if we try,POSITIVE,0.9996,0.9996,16,0.8888888888888888,-0.7526,10,0.15384615384615385,neg_word_pos_line,Just the Two of Us,Grover Washington Jr.,-8.310484886169434,-10.3611421585083
53,53,53,53,53,Just,Just,just,54,9,2,Refrain: Bill Withers,3,13,15,15,15,"[42, 54, 59, 64, 74, 124, 136, 141, 146, 157, 203, 215, 220, 225, 236]","[('just', 'RB')]",ADV,POSITIVE,0.8226,Just the two of us, just the two of us,POSITIVE,0.9991,0.9991,12,0.6666666666666666,0.8226,15,0.2307692307692308,pos_word_pos_line,Just the Two of Us,Grover Washington Jr.,10.688145637512207,5.462139129638672
54,54,54,54,54,the,the,the,55,9,2,Refrain: Bill Withers,3,14,27,27,27,"[3, 8, 15, 43, 55, 60, 65, 72, 75, 125, 137, 142, 147, 155, 158, 167, 172, 175, 180, 186, 192, 199, 204, 216, 221, 226, 237]","[('the', 'DT')]",DET,POSITIVE,0.9636,Just the two of us, just the two of us,POSITIVE,0.9991,0.9991,12,0.6666666666666666,0.9636,25,0.38461538461538464,pos_word_pos_line,Just the Two of Us,Grover Washington Jr.,5.6437530517578125,-7.906484127044678
55,55,55,55,55,two,two,two,56,9,2,Refrain: Bill Withers,3,15,15,15,15,"[44, 56, 61, 66, 76, 126, 138, 143, 148, 159, 205, 217, 222, 227, 238]","[('two', 'CD')]",DET,POSITIVE,0.9899,Just the two of us, just the two of us,POSITIVE,0.9991,0.9991,12,0.6666666666666666,0.9899,42,0.6461538461538462,pos_word_pos_line,Just the Two of Us,Grover Washington Jr.,16.847070693969727,13.55646800994873
56,56,56,56,56,of,of,of,57,9,2,Refrain: Bill Withers,3,16,17,17,17,"[10, 30, 45, 57, 62, 67, 77, 127, 139, 144, 149, 160, 206, 218, 223, 228, 239]","[('of', 'IN')]",PREP,POSITIVE,0.9193,Just the two of us, just the two of us,POSITIVE,0.9991,0.9991,12,0.6666666666666666,0.9193,17,0.26153846153846155,pos_word_pos_line,Just the Two of Us,Grover Washington Jr.,9.16939926147461,-9.643716812133787
57,57,57,57,57,us,us,us,58,9,2,Refrain: Bill Withers,3,17,15,15,15,"[46, 58, 63, 68, 78, 128, 140, 145, 150, 161, 207, 219, 224, 229, 240]","[('us', 'PRP')]",PRON,POSITIVE,0.999,Just the two of us, just the two of us,POSITIVE,0.9991,0.9991,12,0.6666666666666666,0.999,57,0.8769230769230769,pos_word_pos_line,Just the Two of Us,Grover Washington Jr.,-2.119887113571167,-0.9886552691459656
58,58,58,58,58,(Just,Just,just,59,10,2,Refrain: Bill Withers,4,18,15,15,15,"[42, 54, 59, 64, 74, 124, 136, 141, 146, 157, 203, 215, 220, 225, 236]","[('just', 'RB')]",ADV,POSITIVE,0.8226,(Just the two of us), just the two of us,POSITIVE,0.9991,0.9991,12,0.6666666666666666,0.8226,15,0.2307692307692308,pos_word_pos_line,Just the Two of Us,Grover Washington Jr.,10.688145637512207,5.462139129638672
59,59,59,59,59,the,the,the,60,10,2,Refrain: Bill Withers,4,19,27,27,27,"[3, 8, 15, 43, 55, 60, 65, 72, 75, 125, 137, 142, 147, 155, 158, 167, 172, 175, 180, 186, 192, 199, 204, 216, 221, 226, 237]","[('the', 'DT')]",DET,POSITIVE,0.9636,(Just the two of us), just the two of us,POSITIVE,0.9991,0.9991,12,0.6666666666666666,0.9636,25,0.38461538461538464,pos_word_pos_line,Just the Two of Us,Grover Washington Jr.,5.6437530517578125,-7.906484127044678
60,60,60,60,60,two,two,two,61,10,2,Refrain: Bill Withers,4,20,15,15,15,"[44, 56, 61, 66, 76, 126, 138, 143, 148, 159, 205, 217, 222, 227, 238]","[('two', 'CD')]",DET,POSITIVE,0.9899,(Just the two of us), just the two of us,POSITIVE,0.9991,0.9991,12,0.6666666666666666,0.9899,42,0.6461538461538462,pos_word_pos_line,Just the Two of Us,Grover Washington Jr.,16.847070693969727,13.55646800994873
61,61,61,61,61,of,of,of,62,10,2,Refrain: Bill Withers,4,21,17,17,17,"[10, 30, 45, 57, 62, 67, 77, 127, 139, 144, 149, 160, 206, 218, 223, 228, 239]","[('of', 'IN')]",PREP,POSITIVE,0.9193,(Just the two of us), just the two of us,POSITIVE,0.9991,0.9991,12,0.6666666666666666,0.9193,17,0.26153846153846155,pos_word_pos_line,Just the Two of Us,Grover Washington Jr.,9.16939926147461,-9.643716812133787
62,62,62,62,62,us),us,us,63,10,2,Refrain: Bill Withers,4,22,15,15,15,"[46, 58, 63, 68, 78, 128, 140, 145, 150, 161, 207, 219, 224, 229, 240]","[('us', 'PRP')]",PRON,POSITIVE,0.999,(Just the two of us), just the two of us,POSITIVE,0.9991,0.9991,12,0.6666666666666666,0.999,57,0.8769230769230769,pos_word_pos_line,Just the Two of Us,Grover Washington Jr.,-2.119887113571167,-0.9886552691459656
63,63,63,63,63,Just,Just,just,64,11,2,Refrain: Bill Withers,5,23,15,15,15,"[42, 54, 59, 64, 74, 124, 136, 141, 146, 157, 203, 215, 220, 225, 236]","[('just', 'RB')]",ADV,POSITIVE,0.8226,Just the two of us, just the two of us,POSITIVE,0.9991,0.9991,12,0.6666666666666666,0.8226,15,0.2307692307692308,pos_word_pos_line,Just the Two of Us,Grover Washington Jr.,10.688145637512207,5.462139129638672
64,64,64,64,64,the,the,the,65,11,2,Refrain: Bill Withers,5,24,27,27,27,"[3, 8, 15, 43, 55, 60, 65, 72, 75, 125, 137, 142, 147, 155, 158, 167, 172, 175, 180, 186, 192, 199, 204, 216, 221, 226, 237]","[('the', 'DT')]",DET,POSITIVE,0.9636,Just the two of us, just the two of us,POSITIVE,0.9991,0.9991,12,0.6666666666666666,0.9636,25,0.38461538461538464,pos_word_pos_line,Just the Two of Us,Grover Washington Jr.,5.6437530517578125,-7.906484127044678
65,65,65,65,65,two,two,two,66,11,2,Refrain: Bill Withers,5,25,15,15,15,"[44, 56, 61, 66, 76, 126, 138, 143, 148, 159, 205, 217, 222, 227, 238]","[('two', 'CD')]",DET,POSITIVE,0.9899,Just the two of us, just the two of us,POSITIVE,0.9991,0.9991,12,0.6666666666666666,0.9899,42,0.6461538461538462,pos_word_pos_line,Just the Two of Us,Grover Washington Jr.,16.847070693969727,13.55646800994873
66,66,66,66,66,of,of,of,67,11,2,Refrain: Bill Withers,5,26,17,17,17,"[10, 30, 45, 57, 62, 67, 77, 127, 139, 144, 149, 160, 206, 218, 223, 228, 239]","[('of', 'IN')]",PREP,POSITIVE,0.9193,Just the two of us, just the two of us,POSITIVE,0.9991,0.9991,12,0.6666666666666666,0.9193,17,0.26153846153846155,pos_word_pos_line,Just the Two of Us,Grover Washington Jr.,9.16939926147461,-9.643716812133787
67,67,67,67,67,us,us,us,68,11,2,Refrain: Bill Withers,5,27,15,15,15,"[46, 58, 63, 68, 78, 128, 140, 145, 150, 161, 207, 219, 224, 229, 240]","[('us', 'PRP')]",PRON,POSITIVE,0.999,Just the two of us, just the two of us,POSITIVE,0.9991,0.9991,12,0.6666666666666666,0.999,57,0.8769230769230769,pos_word_pos_line,Just the Two of Us,Grover Washington Jr.,-2.119887113571167,-0.9886552691459656
68,68,68,68,68,Building,Building,building,69,12,2,Refrain: Bill Withers,6,28,3,3,3,"[69, 151, 230]","[('building', 'NN')]",N,POSITIVE,0.9978,Building castles in the sky, building castles in the sky,POSITIVE,0.9989,0.9989,11,0.6111111111111112,0.9978,51,0.7846153846153846,pos_word_pos_line,Just the Two of Us,Grover Washington Jr.,-11.039506912231444,4.59656286239624
69,69,69,69,69,castles,castles,castles,70,12,2,Refrain: Bill Withers,6,29,3,3,3,"[70, 153, 232]","[('castles', 'NNS')]",N,POSITIVE,0.9973,Building castles in the sky, building castles in the sky,POSITIVE,0.9989,0.9989,11,0.6111111111111112,0.9973,50,0.7692307692307693,pos_word_pos_line,Just the Two of Us,Grover Washington Jr.,4.717595100402832,-21.86551284790039
70,70,70,70,70,in,in,in,71,12,2,Refrain: Bill Withers,6,30,3,3,3,"[24, 71, 154]","[('in', 'IN')]",PREP,POSITIVE,0.979,Building castles in the sky, building castles in the sky,POSITIVE,0.9989,0.9989,11,0.6111111111111112,0.979,31,0.476923076923077,pos_word_pos_line,Just the Two of Us,Grover Washington Jr.,7.949272155761719,-11.402522087097168
71,71,71,71,71,the,the,the,72,12,2,Refrain: Bill Withers,6,31,27,27,27,"[3, 8, 15, 43, 55, 60, 65, 72, 75, 125, 137, 142, 147, 155, 158, 167, 172, 175, 180, 186, 192, 199, 204, 216, 221, 226, 237]","[('the', 'DT')]",DET,POSITIVE,0.9636,Building castles in the sky, building castles in the sky,POSITIVE,0.9989,0.9989,11,0.6111111111111112,0.9636,25,0.38461538461538464,pos_word_pos_line,Just the Two of Us,Grover Washington Jr.,5.6437530517578125,-7.906484127044678
72,72,72,72,72,sky,sky,sky,73,12,2,Refrain: Bill Withers,6,32,2,2,2,"[73, 156]","[('sky', 'NN')]",N,POSITIVE,0.9979,Building castles in the sky, building castles in the sky,POSITIVE,0.9989,0.9989,11,0.6111111111111112,0.9979,52,0.8,pos_word_pos_line,Just the Two of Us,Grover Washington Jr.,-5.906830787658691,14.923538208007812
73,73,73,73,73,Just,Just,just,74,13,2,Refrain: Bill Withers,7,33,15,15,15,"[42, 54, 59, 64, 74, 124, 136, 141, 146, 157, 203, 215, 220, 225, 236]","[('just', 'RB')]",ADV,POSITIVE,0.8226,Just the two of us, just the two of us,POSITIVE,0.9991,0.9991,12,0.6666666666666666,0.8226,15,0.2307692307692308,pos_word_pos_line,Just the Two of Us,Grover Washington Jr.,10.688145637512207,5.462139129638672
74,74,74,74,74,the,the,the,75,13,2,Refrain: Bill Withers,7,34,27,27,27,"[3, 8, 15, 43, 55, 60, 65, 72, 75, 125, 137, 142, 147, 155, 158, 167, 172, 175, 180, 186, 192, 199, 204, 216, 221, 226, 237]","[('the', 'DT')]",DET,POSITIVE,0.9636,Just the two of us, just the two of us,POSITIVE,0.9991,0.9991,12,0.6666666666666666,0.9636,25,0.38461538461538464,pos_word_pos_line,Just the Two of Us,Grover Washington Jr.,5.6437530517578125,-7.906484127044678
75,75,75,75,75,two,two,two,76,13,2,Refrain: Bill Withers,7,35,15,15,15,"[44, 56, 61, 66, 76, 126, 138, 143, 148, 159, 205, 217, 222, 227, 238]","[('two', 'CD')]",DET,POSITIVE,0.9899,Just the two of us, just the two of us,POSITIVE,0.9991,0.9991,12,0.6666666666666666,0.9899,42,0.6461538461538462,pos_word_pos_line,Just the Two of Us,Grover Washington Jr.,16.847070693969727,13.55646800994873
76,76,76,76,76,of,of,of,77,13,2,Refrain: Bill Withers,7,36,17,17,17,"[10, 30, 45, 57, 62, 67, 77, 127, 139, 144, 149, 160, 206, 218, 223, 228, 239]","[('of', 'IN')]",PREP,POSITIVE,0.9193,Just the two of us, just the two of us,POSITIVE,0.9991,0.9991,12,0.6666666666666666,0.9193,17,0.26153846153846155,pos_word_pos_line,Just the Two of Us,Grover Washington Jr.,9.16939926147461,-9.643716812133787
77,77,77,77,77,us,us,us,78,13,2,Refrain: Bill Withers,7,37,15,15,15,"[46, 58, 63, 68, 78, 128, 140, 145, 150, 161, 207, 219, 224, 229, 240]","[('us', 'PRP')]",PRON,POSITIVE,0.999,Just the two of us, just the two of us,POSITIVE,0.9991,0.9991,12,0.6666666666666666,0.999,57,0.8769230769230769,pos_word_pos_line,Just the Two of Us,Grover Washington Jr.,-2.119887113571167,-0.9886552691459656
78,78,78,78,78,You,You,you,79,14,2,Refrain: Bill Withers,8,38,6,6,6,"[31, 41, 79, 162, 202, 241]","[('you', 'PRP')]",PRON,POSITIVE,0.9991,You and I, you and I,POSITIVE,0.9995,0.9995,15,0.8333333333333334,0.9991,58,0.8923076923076924,pos_word_pos_line,Just the Two of Us,Grover Washington Jr.,-3.064016580581665,-4.1720709800720215
79,79,79,79,79,and,and,and,80,14,2,Refrain: Bill Withers,8,39,9,9,9,"[7, 33, 80, 95, 163, 177, 183, 189, 242]","[('and', 'CC')]",CONJ,POSITIVE,0.9708,You and I, you and I,POSITIVE,0.9995,0.9995,15,0.8333333333333334,0.9708,29,0.4461538461538462,pos_word_pos_line,Just the Two of Us,Grover Washington Jr.,10.342761039733887,-5.1989336013793945
80,80,80,80,80,I,I,I,81,14,2,Refrain: Bill Withers,8,40,9,9,9,"[1, 28, 34, 81, 164, 165, 190, 195, 243]","[('I', 'PRP')]",PRON,POSITIVE,0.9797,You and I, you and I,POSITIVE,0.9995,0.9995,15,0.8333333333333334,0.9797,32,0.4923076923076923,pos_word_pos_line,Just the Two of Us,Grover Washington Jr.,6.476741313934326,-5.617037773132324
81,81,81,81,81,We,We,we,82,15,3,Verse 2: Bill Withers,1,1,9,9,9,"[47, 52, 82, 117, 122, 129, 134, 208, 213]","[('we', 'PRP')]",PRON,POSITIVE,0.9982,"We look for love, no time for tears", we look for love no time for tears,POSITIVE,0.9979,0.9979,10,0.5555555555555556,0.9982,53,0.8153846153846154,pos_word_pos_line,Just the Two of Us,Grover Washington Jr.,8.040857315063478,-5.476059436798097
82,82,82,82,82,look,look,look,83,15,3,Verse 2: Bill Withers,1,2,1,1,1,[83],"[('look', 'NN')]",N,POSITIVE,0.9982,"We look for love, no time for tears", we look for love no time for tears,POSITIVE,0.9979,0.9979,10,0.5555555555555556,0.9982,53,0.8153846153846154,pos_word_pos_line,Just the Two of Us,Grover Washington Jr.,-2.9865915775299072,-16.40294075012207
83,83,83,83,83,for,for,for,84,15,3,Verse 2: Bill Withers,1,3,4,4,4,"[84, 88, 111, 120]","[('for', 'IN')]",PREP,POSITIVE,0.9701,"We look for love, no time for tears", we look for love no time for tears,POSITIVE,0.9979,0.9979,10,0.5555555555555556,0.9701,27,0.4153846153846154,pos_word_pos_line,Just the Two of Us,Grover Washington Jr.,0.7814614772796631,-5.265222549438477
84,84,84,84,84,"love,",love,love,85,15,3,Verse 2: Bill Withers,1,4,1,1,1,[85],"[('love', 'NN')]",N,POSITIVE,0.9999,"We look for love, no time for tears", we look for love no time for tears,POSITIVE,0.9979,0.9979,10,0.5555555555555556,0.9999,65,1.0,pos_word_pos_line,Just the Two of Us,Grover Washington Jr.,-4.2603745460510245,9.329144477844238
85,85,85,85,85,no,no,no,86,15,3,Verse 2: Bill Withers,1,5,2,2,2,"[86, 99]","[('no', 'DT')]",DET,NEGATIVE,0.9964,"We look for love, no time for tears", we look for love no time for tears,POSITIVE,0.9979,0.9979,10,0.5555555555555556,-0.9964,4,0.061538461538461535,neg_word_pos_line,Just the Two of Us,Grover Washington Jr.,-6.758285045623777,-22.103557586669922
86,86,86,86,86,time,time,time,87,15,3,Verse 2: Bill Withers,1,6,2,2,2,"[39, 87]","[('time', 'NN')]",N,POSITIVE,0.9581,"We look for love, no time for tears", we look for love no time for tears,POSITIVE,0.9979,0.9979,10,0.5555555555555556,0.9581,23,0.3538461538461539,pos_word_pos_line,Just the Two of Us,Grover Washington Jr.,1.1199355125427246,1.0233019590377808
87,87,87,87,87,for,for,for,88,15,3,Verse 2: Bill Withers,1,7,4,4,4,"[84, 88, 111, 120]","[('for', 'IN')]",PREP,POSITIVE,0.9701,"We look for love, no time for tears", we look for love no time for tears,POSITIVE,0.9979,0.9979,10,0.5555555555555556,0.9701,27,0.4153846153846154,pos_word_pos_line,Just the Two of Us,Grover Washington Jr.,0.7814614772796631,-5.265222549438477
88,88,88,88,88,tears,tears,tears,89,15,3,Verse 2: Bill Withers,1,8,1,1,1,[89],"[('tears', 'NNS')]",N,NEGATIVE,0.9843,"We look for love, no time for tears", we look for love no time for tears,POSITIVE,0.9979,0.9979,10,0.5555555555555556,-0.9843,8,0.12307692307692307,neg_word_pos_line,Just the Two of Us,Grover Washington Jr.,-3.7990334033966064,13.28687858581543
89,89,89,89,89,Wasted,Wasted,wasted,90,16,3,Verse 2: Bill Withers,2,9,1,1,1,[90],"[('wasted', 'VBN')]",V,NEGATIVE,0.9998,Wasted water's all that is, wasted water's all that is,NEGATIVE,0.9998,-0.9998,0,0.0,-0.9998,0,0.0,neg_word_neg_line,Just the Two of Us,Grover Washington Jr.,3.26344895362854,6.070988655090332
90,90,90,90,90,water's,water's,water's,91,16,3,Verse 2: Bill Withers,2,10,1,1,1,[91],"[('water', 'NN'), (""'s"", 'POS')]",MULT,POSITIVE,0.987,Wasted water's all that is, wasted water's all that is,NEGATIVE,0.9998,-0.9998,0,0.0,0.987,37,0.5692307692307692,pos_word_neg_line,Just the Two of Us,Grover Washington Jr.,-8.750104904174805,19.02182388305664
91,91,91,91,91,all,all,all,92,16,3,Verse 2: Bill Withers,2,11,3,3,3,"[12, 92, 121]","[('all', 'DT')]",DET,POSITIVE,0.9903,Wasted water's all that is, wasted water's all that is,NEGATIVE,0.9998,-0.9998,0,0.0,0.9903,43,0.6615384615384615,pos_word_neg_line,Just the Two of Us,Grover Washington Jr.,10.814867973327637,3.3703739643096924
92,92,92,92,92,that,that,that,93,16,3,Verse 2: Bill Withers,2,12,1,1,1,[93],"[('that', 'IN')]",PREP,POSITIVE,0.9895,Wasted water's all that is, wasted water's all that is,NEGATIVE,0.9998,-0.9998,0,0.0,0.9895,41,0.6307692307692307,pos_word_neg_line,Just the Two of Us,Grover Washington Jr.,14.896409034729006,-1.358898043632507
93,93,93,93,93,is,is,is,94,16,3,Verse 2: Bill Withers,2,13,2,2,2,"[13, 94]","[('is', 'VBZ')]",V,POSITIVE,0.9275,Wasted water's all that is, wasted water's all that is,NEGATIVE,0.9998,-0.9998,0,0.0,0.9275,18,0.2769230769230769,pos_word_neg_line,Just the Two of Us,Grover Washington Jr.,5.113893508911133,-12.738661766052244
94,94,94,94,94,And,And,and,95,17,3,Verse 2: Bill Withers,3,14,9,9,9,"[7, 33, 80, 95, 163, 177, 183, 189, 242]","[('and', 'CC')]",CONJ,POSITIVE,0.9708,And it don't make no flowers grow, and it don't make no flowers grow,NEGATIVE,0.9992,-0.9992,1,0.05555555555555555,0.9708,29,0.4461538461538462,pos_word_neg_line,Just the Two of Us,Grover Washington Jr.,10.342761039733887,-5.1989336013793945
95,95,95,95,95,it,it,it,96,17,3,Verse 2: Bill Withers,3,15,6,6,6,"[11, 50, 96, 132, 178, 211]","[('it', 'PRP')]",PRON,POSITIVE,0.9927,And it don't make no flowers grow, and it don't make no flowers grow,NEGATIVE,0.9992,-0.9992,1,0.05555555555555555,0.9927,46,0.7076923076923077,pos_word_neg_line,Just the Two of Us,Grover Washington Jr.,7.279272556304932,-3.737928152084351
96,96,96,96,96,don't,don't,don't,97,17,3,Verse 2: Bill Withers,3,16,1,1,1,[97],"[('do', 'VBP'), (""n't"", 'RB')]",MULT,NEGATIVE,0.9883,And it don't make no flowers grow, and it don't make no flowers grow,NEGATIVE,0.9992,-0.9992,1,0.05555555555555555,-0.9883,7,0.1076923076923077,neg_word_neg_line,Just the Two of Us,Grover Washington Jr.,8.88515853881836,20.672222137451172
97,97,97,97,97,make,make,make,98,17,3,Verse 2: Bill Withers,3,17,5,5,5,"[21, 49, 98, 131, 210]","[('make', 'VB')]",V,POSITIVE,0.9996,And it don't make no flowers grow, and it don't make no flowers grow,NEGATIVE,0.9992,-0.9992,1,0.05555555555555555,0.9996,63,0.9692307692307692,pos_word_neg_line,Just the Two of Us,Grover Washington Jr.,-3.0625572204589844,-9.562143325805664
98,98,98,98,98,no,no,no,99,17,3,Verse 2: Bill Withers,3,18,2,2,2,"[86, 99]","[('no', 'DT')]",DET,NEGATIVE,0.9964,And it don't make no flowers grow, and it don't make no flowers grow,NEGATIVE,0.9992,-0.9992,1,0.05555555555555555,-0.9964,4,0.061538461538461535,neg_word_neg_line,Just the Two of Us,Grover Washington Jr.,-6.758285045623777,-22.103557586669922
99,99,99,99,99,flowers,flowers,flowers,100,17,3,Verse 2: Bill Withers,3,19,1,1,1,[100],"[('flowers', 'NNS')]",N,POSITIVE,0.9995,And it don't make no flowers grow, and it don't make no flowers grow,NEGATIVE,0.9992,-0.9992,1,0.05555555555555555,0.9995,62,0.953846153846154,pos_word_neg_line,Just the Two of Us,Grover Washington Jr.,-2.3522605895996094,13.624625205993652
100,100,100,100,100,grow,grow,grow,101,17,3,Verse 2: Bill Withers,3,20,1,1,1,[101],"[('grow', 'NN')]",N,POSITIVE,0.9991,And it don't make no flowers grow, and it don't make no flowers grow,NEGATIVE,0.9992,-0.9992,1,0.05555555555555555,0.9991,58,0.8923076923076924,pos_word_neg_line,Just the Two of Us,Grover Washington Jr.,0.28013062477111816,-10.419388771057127
101,101,101,101,101,Good,Good,good,102,18,3,Verse 2: Bill Withers,4,21,1,1,1,[102],"[('good', 'JJ')]",ADJ,POSITIVE,0.9998,Good things might come to those who wait, good things might come to those who wait,POSITIVE,0.9993,0.9993,13,0.7222222222222222,0.9998,64,0.9846153846153848,pos_word_pos_line,Just the Two of Us,Grover Washington Jr.,9.32550811767578,12.962882995605467
102,102,102,102,102,things,things,things,103,18,3,Verse 2: Bill Withers,4,22,1,1,1,[103],"[('things', 'NNS')]",N,POSITIVE,0.9926,Good things might come to those who wait, good things might come to those who wait,POSITIVE,0.9993,0.9993,13,0.7222222222222222,0.9926,45,0.6923076923076923,pos_word_pos_line,Just the Two of Us,Grover Washington Jr.,-13.302833557128904,0.7929635643959045
103,103,103,103,103,might,might,might,104,18,3,Verse 2: Bill Withers,4,23,1,1,1,[104],"[('might', 'MD')]",V,NEGATIVE,0.5435,Good things might come to those who wait, good things might come to those who wait,POSITIVE,0.9993,0.9993,13,0.7222222222222222,-0.5435,13,0.2,neg_word_pos_line,Just the Two of Us,Grover Washington Jr.,13.399781227111815,-6.956246852874756
104,104,104,104,104,come,come,come,105,18,3,Verse 2: Bill Withers,4,24,1,1,1,[105],"[('come', 'VB')]",V,POSITIVE,0.9984,Good things might come to those who wait, good things might come to those who wait,POSITIVE,0.9993,0.9993,13,0.7222222222222222,0.9984,54,0.8307692307692308,pos_word_pos_line,Just the Two of Us,Grover Washington Jr.,-8.227801322937013,-14.747576713562012
105,105,105,105,105,to,to,to,106,18,3,Verse 2: Bill Withers,4,25,4,4,4,"[20, 36, 106, 197]","[('to', 'TO')]",OTH,POSITIVE,0.9653,Good things might come to those who wait, good things might come to those who wait,POSITIVE,0.9993,0.9993,13,0.7222222222222222,0.9653,26,0.4,pos_word_pos_line,Just the Two of Us,Grover Washington Jr.,1.2756972312927246,-15.350232124328613
106,106,106,106,106,those,those,those,107,18,3,Verse 2: Bill Withers,4,26,3,3,3,"[22, 107, 112]","[('those', 'DT')]",DET,POSITIVE,0.9704,Good things might come to those who wait, good things might come to those who wait,POSITIVE,0.9993,0.9993,13,0.7222222222222222,0.9704,28,0.4307692307692308,pos_word_pos_line,Just the Two of Us,Grover Washington Jr.,0.1803759187459945,-1.6938905715942385
107,107,107,107,107,who,who,who,108,18,3,Verse 2: Bill Withers,4,27,2,2,2,"[108, 113]","[('who', 'WP')]",OTH,NEGATIVE,0.7149,Good things might come to those who wait, good things might come to those who wait,POSITIVE,0.9993,0.9993,13,0.7222222222222222,-0.7149,11,0.16923076923076924,neg_word_pos_line,Just the Two of Us,Grover Washington Jr.,17.92516326904297,-4.226381778717041
108,108,108,108,108,wait,wait,wait,109,18,3,Verse 2: Bill Withers,4,28,2,2,2,"[109, 114]","[('wait', 'NN')]",N,NEGATIVE,0.9988,Good things might come to those who wait, good things might come to those who wait,POSITIVE,0.9993,0.9993,13,0.7222222222222222,-0.9988,2,0.030769230769230767,neg_word_pos_line,Just the Two of Us,Grover Washington Jr.,-6.442017078399657,-21.854942321777344
109,109,109,109,109,Not,Not,not,110,19,3,Verse 2: Bill Withers,5,29,1,1,1,[110],"[('not', 'RB')]",ADV,NEGATIVE,0.9906,Not for those who wait too late, not for those who wait too late,POSITIVE,0.9301,0.9301,5,0.2777777777777778,-0.9906,6,0.09230769230769233,neg_word_pos_line,Just the Two of Us,Grover Washington Jr.,11.009709358215332,5.375260353088379
110,110,110,110,110,for,for,for,111,19,3,Verse 2: Bill Withers,5,30,4,4,4,"[84, 88, 111, 120]","[('for', 'IN')]",PREP,POSITIVE,0.9701,Not for those who wait too late, not for those who wait too late,POSITIVE,0.9301,0.9301,5,0.2777777777777778,0.9701,27,0.4153846153846154,pos_word_pos_line,Just the Two of Us,Grover Washington Jr.,0.7814614772796631,-5.265222549438477
111,111,111,111,111,those,those,those,112,19,3,Verse 2: Bill Withers,5,31,3,3,3,"[22, 107, 112]","[('those', 'DT')]",DET,POSITIVE,0.9704,Not for those who wait too late, not for those who wait too late,POSITIVE,0.9301,0.9301,5,0.2777777777777778,0.9704,28,0.4307692307692308,pos_word_pos_line,Just the Two of Us,Grover Washington Jr.,0.1803759187459945,-1.6938905715942385
112,112,112,112,112,who,who,who,113,19,3,Verse 2: Bill Withers,5,32,2,2,2,"[108, 113]","[('who', 'WP')]",OTH,NEGATIVE,0.7149,Not for those who wait too late, not for those who wait too late,POSITIVE,0.9301,0.9301,5,0.2777777777777778,-0.7149,11,0.16923076923076924,neg_word_pos_line,Just the Two of Us,Grover Washington Jr.,17.92516326904297,-4.226381778717041
113,113,113,113,113,wait,wait,wait,114,19,3,Verse 2: Bill Withers,5,33,2,2,2,"[109, 114]","[('wait', 'NN')]",N,NEGATIVE,0.9988,Not for those who wait too late, not for those who wait too late,POSITIVE,0.9301,0.9301,5,0.2777777777777778,-0.9988,2,0.030769230769230767,neg_word_pos_line,Just the Two of Us,Grover Washington Jr.,-6.442017078399657,-21.854942321777344
114,114,114,114,114,too,too,too,115,19,3,Verse 2: Bill Withers,5,34,1,1,1,[115],"[('too', 'RB')]",ADV,NEGATIVE,0.9357,Not for those who wait too late, not for those who wait too late,POSITIVE,0.9301,0.9301,5,0.2777777777777778,-0.9357,9,0.13846153846153847,neg_word_pos_line,Just the Two of Us,Grover Washington Jr.,9.612733840942383,3.740943670272826
115,115,115,115,115,late,late,late,116,19,3,Verse 2: Bill Withers,5,35,1,1,1,[116],"[('late', 'RB')]",ADV,NEGATIVE,0.9938,Not for those who wait too late, not for those who wait too late,POSITIVE,0.9301,0.9301,5,0.2777777777777778,-0.9938,5,0.07692307692307693,neg_word_pos_line,Just the Two of Us,Grover Washington Jr.,-2.664370059967041,3.8155002593994136
116,116,116,116,116,We,We,we,117,20,3,Verse 2: Bill Withers,6,36,9,9,9,"[47, 52, 82, 117, 122, 129, 134, 208, 213]","[('we', 'PRP')]",PRON,POSITIVE,0.9982,We gotta go for all we know, we gotta go for all we know,NEGATIVE,0.8098,-0.8098,3,0.16666666666666666,0.9982,53,0.8153846153846154,pos_word_neg_line,Just the Two of Us,Grover Washington Jr.,8.040857315063478,-5.476059436798097
117,117,117,117,117,gotta,gotta,gotta,118,20,3,Verse 2: Bill Withers,6,37,1,1,1,[118],"[('got', 'VBD'), ('ta', 'NNS')]",MULT,POSITIVE,0.9971,We gotta go for all we know, we gotta go for all we know,NEGATIVE,0.8098,-0.8098,3,0.16666666666666666,0.9971,49,0.7538461538461538,pos_word_neg_line,Just the Two of Us,Grover Washington Jr.,3.598864316940308,-15.822676658630373
118,118,118,118,118,go,go,go,119,20,3,Verse 2: Bill Withers,6,38,1,1,1,[119],"[('go', 'VB')]",V,POSITIVE,0.9994,We gotta go for all we know, we gotta go for all we know,NEGATIVE,0.8098,-0.8098,3,0.16666666666666666,0.9994,61,0.9384615384615383,pos_word_neg_line,Just the Two of Us,Grover Washington Jr.,-7.385936737060548,-13.823901176452635
119,119,119,119,119,for,for,for,120,20,3,Verse 2: Bill Withers,6,39,4,4,4,"[84, 88, 111, 120]","[('for', 'IN')]",PREP,POSITIVE,0.9701,We gotta go for all we know, we gotta go for all we know,NEGATIVE,0.8098,-0.8098,3,0.16666666666666666,0.9701,27,0.4153846153846154,pos_word_neg_line,Just the Two of Us,Grover Washington Jr.,0.7814614772796631,-5.265222549438477
120,120,120,120,120,all,all,all,121,20,3,Verse 2: Bill Withers,6,40,3,3,3,"[12, 92, 121]","[('all', 'DT')]",DET,POSITIVE,0.9903,We gotta go for all we know, we gotta go for all we know,NEGATIVE,0.8098,-0.8098,3,0.16666666666666666,0.9903,43,0.6615384615384615,pos_word_neg_line,Just the Two of Us,Grover Washington Jr.,10.814867973327637,3.3703739643096924
121,121,121,121,121,we,we,we,122,20,3,Verse 2: Bill Withers,6,41,9,9,9,"[47, 52, 82, 117, 122, 129, 134, 208, 213]","[('we', 'PRP')]",PRON,POSITIVE,0.9982,We gotta go for all we know, we gotta go for all we know,NEGATIVE,0.8098,-0.8098,3,0.16666666666666666,0.9982,53,0.8153846153846154,pos_word_neg_line,Just the Two of Us,Grover Washington Jr.,8.040857315063478,-5.476059436798097
122,122,122,122,122,know,know,know,123,20,3,Verse 2: Bill Withers,6,42,1,1,1,[123],"[('know', 'VB')]",V,POSITIVE,0.9948,We gotta go for all we know, we gotta go for all we know,NEGATIVE,0.8098,-0.8098,3,0.16666666666666666,0.9948,48,0.7384615384615385,pos_word_neg_line,Just the Two of Us,Grover Washington Jr.,0.9958875179290771,-13.428499221801758
123,123,123,123,123,Just,Just,just,124,21,4,Refrain: Bill Withers,1,1,15,15,15,"[42, 54, 59, 64, 74, 124, 136, 141, 146, 157, 203, 215, 220, 225, 236]","[('just', 'RB')]",ADV,POSITIVE,0.8226,Just the two of us, just the two of us,POSITIVE,0.9991,0.9991,12,0.6666666666666666,0.8226,15,0.2307692307692308,pos_word_pos_line,Just the Two of Us,Grover Washington Jr.,10.688145637512207,5.462139129638672
124,124,124,124,124,the,the,the,125,21,4,Refrain: Bill Withers,1,2,27,27,27,"[3, 8, 15, 43, 55, 60, 65, 72, 75, 125, 137, 142, 147, 155, 158, 167, 172, 175, 180, 186, 192, 199, 204, 216, 221, 226, 237]","[('the', 'DT')]",DET,POSITIVE,0.9636,Just the two of us, just the two of us,POSITIVE,0.9991,0.9991,12,0.6666666666666666,0.9636,25,0.38461538461538464,pos_word_pos_line,Just the Two of Us,Grover Washington Jr.,5.6437530517578125,-7.906484127044678
125,125,125,125,125,two,two,two,126,21,4,Refrain: Bill Withers,1,3,15,15,15,"[44, 56, 61, 66, 76, 126, 138, 143, 148, 159, 205, 217, 222, 227, 238]","[('two', 'CD')]",DET,POSITIVE,0.9899,Just the two of us, just the two of us,POSITIVE,0.9991,0.9991,12,0.6666666666666666,0.9899,42,0.6461538461538462,pos_word_pos_line,Just the Two of Us,Grover Washington Jr.,16.847070693969727,13.55646800994873
126,126,126,126,126,of,of,of,127,21,4,Refrain: Bill Withers,1,4,17,17,17,"[10, 30, 45, 57, 62, 67, 77, 127, 139, 144, 149, 160, 206, 218, 223, 228, 239]","[('of', 'IN')]",PREP,POSITIVE,0.9193,Just the two of us, just the two of us,POSITIVE,0.9991,0.9991,12,0.6666666666666666,0.9193,17,0.26153846153846155,pos_word_pos_line,Just the Two of Us,Grover Washington Jr.,9.16939926147461,-9.643716812133787
127,127,127,127,127,us,us,us,128,21,4,Refrain: Bill Withers,1,5,15,15,15,"[46, 58, 63, 68, 78, 128, 140, 145, 150, 161, 207, 219, 224, 229, 240]","[('us', 'PRP')]",PRON,POSITIVE,0.999,Just the two of us, just the two of us,POSITIVE,0.9991,0.9991,12,0.6666666666666666,0.999,57,0.8769230769230769,pos_word_pos_line,Just the Two of Us,Grover Washington Jr.,-2.119887113571167,-0.9886552691459656
128,128,128,128,128,We,We,we,129,22,4,Refrain: Bill Withers,2,6,9,9,9,"[47, 52, 82, 117, 122, 129, 134, 208, 213]","[('we', 'PRP')]",PRON,POSITIVE,0.9982,We can make it if we try, we can make it if we try,POSITIVE,0.9996,0.9996,16,0.8888888888888888,0.9982,53,0.8153846153846154,pos_word_pos_line,Just the Two of Us,Grover Washington Jr.,8.040857315063478,-5.476059436798097
129,129,129,129,129,can,can,can,130,22,4,Refrain: Bill Withers,2,7,3,3,3,"[48, 130, 209]","[('can', 'MD')]",V,POSITIVE,0.9985,We can make it if we try, we can make it if we try,POSITIVE,0.9996,0.9996,16,0.8888888888888888,0.9985,55,0.8461538461538461,pos_word_pos_line,Just the Two of Us,Grover Washington Jr.,4.602478504180908,-12.702999114990234
130,130,130,130,130,make,make,make,131,22,4,Refrain: Bill Withers,2,8,5,5,5,"[21, 49, 98, 131, 210]","[('make', 'VB')]",V,POSITIVE,0.9996,We can make it if we try, we can make it if we try,POSITIVE,0.9996,0.9996,16,0.8888888888888888,0.9996,63,0.9692307692307692,pos_word_pos_line,Just the Two of Us,Grover Washington Jr.,-3.0625572204589844,-9.562143325805664
131,131,131,131,131,it,it,it,132,22,4,Refrain: Bill Withers,2,9,6,6,6,"[11, 50, 96, 132, 178, 211]","[('it', 'PRP')]",PRON,POSITIVE,0.9927,We can make it if we try, we can make it if we try,POSITIVE,0.9996,0.9996,16,0.8888888888888888,0.9927,46,0.7076923076923077,pos_word_pos_line,Just the Two of Us,Grover Washington Jr.,7.279272556304932,-3.737928152084351
132,132,132,132,132,if,if,if,133,22,4,Refrain: Bill Withers,2,10,3,3,3,"[51, 133, 212]","[('if', 'IN')]",PREP,POSITIVE,0.7390000000000001,We can make it if we try, we can make it if we try,POSITIVE,0.9996,0.9996,16,0.8888888888888888,0.7390000000000001,14,0.2153846153846154,pos_word_pos_line,Just the Two of Us,Grover Washington Jr.,13.479860305786133,-4.848739147186278
133,133,133,133,133,we,we,we,134,22,4,Refrain: Bill Withers,2,11,9,9,9,"[47, 52, 82, 117, 122, 129, 134, 208, 213]","[('we', 'PRP')]",PRON,POSITIVE,0.9982,We can make it if we try, we can make it if we try,POSITIVE,0.9996,0.9996,16,0.8888888888888888,0.9982,53,0.8153846153846154,pos_word_pos_line,Just the Two of Us,Grover Washington Jr.,8.040857315063478,-5.476059436798097
134,134,134,134,134,try,try,try,135,22,4,Refrain: Bill Withers,2,12,3,3,3,"[53, 135, 214]","[('try', 'NN')]",N,NEGATIVE,0.7526,We can make it if we try, we can make it if we try,POSITIVE,0.9996,0.9996,16,0.8888888888888888,-0.7526,10,0.15384615384615385,neg_word_pos_line,Just the Two of Us,Grover Washington Jr.,-8.310484886169434,-10.3611421585083
135,135,135,135,135,Just,Just,just,136,23,4,Refrain: Bill Withers,3,13,15,15,15,"[42, 54, 59, 64, 74, 124, 136, 141, 146, 157, 203, 215, 220, 225, 236]","[('just', 'RB')]",ADV,POSITIVE,0.8226,Just the two of us, just the two of us,POSITIVE,0.9991,0.9991,12,0.6666666666666666,0.8226,15,0.2307692307692308,pos_word_pos_line,Just the Two of Us,Grover Washington Jr.,10.688145637512207,5.462139129638672
136,136,136,136,136,the,the,the,137,23,4,Refrain: Bill Withers,3,14,27,27,27,"[3, 8, 15, 43, 55, 60, 65, 72, 75, 125, 137, 142, 147, 155, 158, 167, 172, 175, 180, 186, 192, 199, 204, 216, 221, 226, 237]","[('the', 'DT')]",DET,POSITIVE,0.9636,Just the two of us, just the two of us,POSITIVE,0.9991,0.9991,12,0.6666666666666666,0.9636,25,0.38461538461538464,pos_word_pos_line,Just the Two of Us,Grover Washington Jr.,5.6437530517578125,-7.906484127044678
137,137,137,137,137,two,two,two,138,23,4,Refrain: Bill Withers,3,15,15,15,15,"[44, 56, 61, 66, 76, 126, 138, 143, 148, 159, 205, 217, 222, 227, 238]","[('two', 'CD')]",DET,POSITIVE,0.9899,Just the two of us, just the two of us,POSITIVE,0.9991,0.9991,12,0.6666666666666666,0.9899,42,0.6461538461538462,pos_word_pos_line,Just the Two of Us,Grover Washington Jr.,16.847070693969727,13.55646800994873
138,138,138,138,138,of,of,of,139,23,4,Refrain: Bill Withers,3,16,17,17,17,"[10, 30, 45, 57, 62, 67, 77, 127, 139, 144, 149, 160, 206, 218, 223, 228, 239]","[('of', 'IN')]",PREP,POSITIVE,0.9193,Just the two of us, just the two of us,POSITIVE,0.9991,0.9991,12,0.6666666666666666,0.9193,17,0.26153846153846155,pos_word_pos_line,Just the Two of Us,Grover Washington Jr.,9.16939926147461,-9.643716812133787
139,139,139,139,139,us,us,us,140,23,4,Refrain: Bill Withers,3,17,15,15,15,"[46, 58, 63, 68, 78, 128, 140, 145, 150, 161, 207, 219, 224, 229, 240]","[('us', 'PRP')]",PRON,POSITIVE,0.999,Just the two of us, just the two of us,POSITIVE,0.9991,0.9991,12,0.6666666666666666,0.999,57,0.8769230769230769,pos_word_pos_line,Just the Two of Us,Grover Washington Jr.,-2.119887113571167,-0.9886552691459656
140,140,140,140,140,(Just,Just,just,141,24,4,Refrain: Bill Withers,4,18,15,15,15,"[42, 54, 59, 64, 74, 124, 136, 141, 146, 157, 203, 215, 220, 225, 236]","[('just', 'RB')]",ADV,POSITIVE,0.8226,(Just the two of us), just the two of us,POSITIVE,0.9991,0.9991,12,0.6666666666666666,0.8226,15,0.2307692307692308,pos_word_pos_line,Just the Two of Us,Grover Washington Jr.,10.688145637512207,5.462139129638672
141,141,141,141,141,the,the,the,142,24,4,Refrain: Bill Withers,4,19,27,27,27,"[3, 8, 15, 43, 55, 60, 65, 72, 75, 125, 137, 142, 147, 155, 158, 167, 172, 175, 180, 186, 192, 199, 204, 216, 221, 226, 237]","[('the', 'DT')]",DET,POSITIVE,0.9636,(Just the two of us), just the two of us,POSITIVE,0.9991,0.9991,12,0.6666666666666666,0.9636,25,0.38461538461538464,pos_word_pos_line,Just the Two of Us,Grover Washington Jr.,5.6437530517578125,-7.906484127044678
142,142,142,142,142,two,two,two,143,24,4,Refrain: Bill Withers,4,20,15,15,15,"[44, 56, 61, 66, 76, 126, 138, 143, 148, 159, 205, 217, 222, 227, 238]","[('two', 'CD')]",DET,POSITIVE,0.9899,(Just the two of us), just the two of us,POSITIVE,0.9991,0.9991,12,0.6666666666666666,0.9899,42,0.6461538461538462,pos_word_pos_line,Just the Two of Us,Grover Washington Jr.,16.847070693969727,13.55646800994873
143,143,143,143,143,of,of,of,144,24,4,Refrain: Bill Withers,4,21,17,17,17,"[10, 30, 45, 57, 62, 67, 77, 127, 139, 144, 149, 160, 206, 218, 223, 228, 239]","[('of', 'IN')]",PREP,POSITIVE,0.9193,(Just the two of us), just the two of us,POSITIVE,0.9991,0.9991,12,0.6666666666666666,0.9193,17,0.26153846153846155,pos_word_pos_line,Just the Two of Us,Grover Washington Jr.,9.16939926147461,-9.643716812133787
144,144,144,144,144,us),us,us,145,24,4,Refrain: Bill Withers,4,22,15,15,15,"[46, 58, 63, 68, 78, 128, 140, 145, 150, 161, 207, 219, 224, 229, 240]","[('us', 'PRP')]",PRON,POSITIVE,0.999,(Just the two of us), just the two of us,POSITIVE,0.9991,0.9991,12,0.6666666666666666,0.999,57,0.8769230769230769,pos_word_pos_line,Just the Two of Us,Grover Washington Jr.,-2.119887113571167,-0.9886552691459656
145,145,145,145,145,Just,Just,just,146,25,4,Refrain: Bill Withers,5,23,15,15,15,"[42, 54, 59, 64, 74, 124, 136, 141, 146, 157, 203, 215, 220, 225, 236]","[('just', 'RB')]",ADV,POSITIVE,0.8226,Just the two of us, just the two of us,POSITIVE,0.9991,0.9991,12,0.6666666666666666,0.8226,15,0.2307692307692308,pos_word_pos_line,Just the Two of Us,Grover Washington Jr.,10.688145637512207,5.462139129638672
146,146,146,146,146,the,the,the,147,25,4,Refrain: Bill Withers,5,24,27,27,27,"[3, 8, 15, 43, 55, 60, 65, 72, 75, 125, 137, 142, 147, 155, 158, 167, 172, 175, 180, 186, 192, 199, 204, 216, 221, 226, 237]","[('the', 'DT')]",DET,POSITIVE,0.9636,Just the two of us, just the two of us,POSITIVE,0.9991,0.9991,12,0.6666666666666666,0.9636,25,0.38461538461538464,pos_word_pos_line,Just the Two of Us,Grover Washington Jr.,5.6437530517578125,-7.906484127044678
147,147,147,147,147,two,two,two,148,25,4,Refrain: Bill Withers,5,25,15,15,15,"[44, 56, 61, 66, 76, 126, 138, 143, 148, 159, 205, 217, 222, 227, 238]","[('two', 'CD')]",DET,POSITIVE,0.9899,Just the two of us, just the two of us,POSITIVE,0.9991,0.9991,12,0.6666666666666666,0.9899,42,0.6461538461538462,pos_word_pos_line,Just the Two of Us,Grover Washington Jr.,16.847070693969727,13.55646800994873
148,148,148,148,148,of,of,of,149,25,4,Refrain: Bill Withers,5,26,17,17,17,"[10, 30, 45, 57, 62, 67, 77, 127, 139, 144, 149, 160, 206, 218, 223, 228, 239]","[('of', 'IN')]",PREP,POSITIVE,0.9193,Just the two of us, just the two of us,POSITIVE,0.9991,0.9991,12,0.6666666666666666,0.9193,17,0.26153846153846155,pos_word_pos_line,Just the Two of Us,Grover Washington Jr.,9.16939926147461,-9.643716812133787
149,149,149,149,149,us,us,us,150,25,4,Refrain: Bill Withers,5,27,15,15,15,"[46, 58, 63, 68, 78, 128, 140, 145, 150, 161, 207, 219, 224, 229, 240]","[('us', 'PRP')]",PRON,POSITIVE,0.999,Just the two of us, just the two of us,POSITIVE,0.9991,0.9991,12,0.6666666666666666,0.999,57,0.8769230769230769,pos_word_pos_line,Just the Two of Us,Grover Washington Jr.,-2.119887113571167,-0.9886552691459656
150,150,150,150,150,Building,Building,building,151,26,4,Refrain: Bill Withers,6,28,3,3,3,"[69, 151, 230]","[('building', 'NN')]",N,POSITIVE,0.9978,Building them castles in the sky, building them castles in the sky,POSITIVE,0.9993,0.9993,13,0.7222222222222222,0.9978,51,0.7846153846153846,pos_word_pos_line,Just the Two of Us,Grover Washington Jr.,-11.039506912231444,4.59656286239624
151,151,151,151,151,them,them,them,152,26,4,Refrain: Bill Withers,6,29,1,1,1,[152],"[('them', 'PRP')]",PRON,POSITIVE,0.9366,Building them castles in the sky, building them castles in the sky,POSITIVE,0.9993,0.9993,13,0.7222222222222222,0.9366,20,0.3076923076923077,pos_word_pos_line,Just the Two of Us,Grover Washington Jr.,-1.1372652053833008,-1.703302979469299
152,152,152,152,152,castles,castles,castles,153,26,4,Refrain: Bill Withers,6,30,3,3,3,"[70, 153, 232]","[('castles', 'NNS')]",N,POSITIVE,0.9973,Building them castles in the sky, building them castles in the sky,POSITIVE,0.9993,0.9993,13,0.7222222222222222,0.9973,50,0.7692307692307693,pos_word_pos_line,Just the Two of Us,Grover Washington Jr.,4.717595100402832,-21.86551284790039
153,153,153,153,153,in,in,in,154,26,4,Refrain: Bill Withers,6,31,3,3,3,"[24, 71, 154]","[('in', 'IN')]",PREP,POSITIVE,0.979,Building them castles in the sky, building them castles in the sky,POSITIVE,0.9993,0.9993,13,0.7222222222222222,0.979,31,0.476923076923077,pos_word_pos_line,Just the Two of Us,Grover Washington Jr.,7.949272155761719,-11.402522087097168
154,154,154,154,154,the,the,the,155,26,4,Refrain: Bill Withers,6,32,27,27,27,"[3, 8, 15, 43, 55, 60, 65, 72, 75, 125, 137, 142, 147, 155, 158, 167, 172, 175, 180, 186, 192, 199, 204, 216, 221, 226, 237]","[('the', 'DT')]",DET,POSITIVE,0.9636,Building them castles in the sky, building them castles in the sky,POSITIVE,0.9993,0.9993,13,0.7222222222222222,0.9636,25,0.38461538461538464,pos_word_pos_line,Just the Two of Us,Grover Washington Jr.,5.6437530517578125,-7.906484127044678
155,155,155,155,155,sky,sky,sky,156,26,4,Refrain: Bill Withers,6,33,2,2,2,"[73, 156]","[('sky', 'NN')]",N,POSITIVE,0.9979,Building them castles in the sky, building them castles in the sky,POSITIVE,0.9993,0.9993,13,0.7222222222222222,0.9979,52,0.8,pos_word_pos_line,Just the Two of Us,Grover Washington Jr.,-5.906830787658691,14.923538208007812
156,156,156,156,156,Just,Just,just,157,27,4,Refrain: Bill Withers,7,34,15,15,15,"[42, 54, 59, 64, 74, 124, 136, 141, 146, 157, 203, 215, 220, 225, 236]","[('just', 'RB')]",ADV,POSITIVE,0.8226,Just the two of us, just the two of us,POSITIVE,0.9991,0.9991,12,0.6666666666666666,0.8226,15,0.2307692307692308,pos_word_pos_line,Just the Two of Us,Grover Washington Jr.,10.688145637512207,5.462139129638672
157,157,157,157,157,the,the,the,158,27,4,Refrain: Bill Withers,7,35,27,27,27,"[3, 8, 15, 43, 55, 60, 65, 72, 75, 125, 137, 142, 147, 155, 158, 167, 172, 175, 180, 186, 192, 199, 204, 216, 221, 226, 237]","[('the', 'DT')]",DET,POSITIVE,0.9636,Just the two of us, just the two of us,POSITIVE,0.9991,0.9991,12,0.6666666666666666,0.9636,25,0.38461538461538464,pos_word_pos_line,Just the Two of Us,Grover Washington Jr.,5.6437530517578125,-7.906484127044678
158,158,158,158,158,two,two,two,159,27,4,Refrain: Bill Withers,7,36,15,15,15,"[44, 56, 61, 66, 76, 126, 138, 143, 148, 159, 205, 217, 222, 227, 238]","[('two', 'CD')]",DET,POSITIVE,0.9899,Just the two of us, just the two of us,POSITIVE,0.9991,0.9991,12,0.6666666666666666,0.9899,42,0.6461538461538462,pos_word_pos_line,Just the Two of Us,Grover Washington Jr.,16.847070693969727,13.55646800994873
159,159,159,159,159,of,of,of,160,27,4,Refrain: Bill Withers,7,37,17,17,17,"[10, 30, 45, 57, 62, 67, 77, 127, 139, 144, 149, 160, 206, 218, 223, 228, 239]","[('of', 'IN')]",PREP,POSITIVE,0.9193,Just the two of us, just the two of us,POSITIVE,0.9991,0.9991,12,0.6666666666666666,0.9193,17,0.26153846153846155,pos_word_pos_line,Just the Two of Us,Grover Washington Jr.,9.16939926147461,-9.643716812133787
160,160,160,160,160,us,us,us,161,27,4,Refrain: Bill Withers,7,38,15,15,15,"[46, 58, 63, 68, 78, 128, 140, 145, 150, 161, 207, 219, 224, 229, 240]","[('us', 'PRP')]",PRON,POSITIVE,0.999,Just the two of us, just the two of us,POSITIVE,0.9991,0.9991,12,0.6666666666666666,0.999,57,0.8769230769230769,pos_word_pos_line,Just the Two of Us,Grover Washington Jr.,-2.119887113571167,-0.9886552691459656
161,161,161,161,161,You,You,you,162,28,4,Refrain: Bill Withers,8,39,6,6,6,"[31, 41, 79, 162, 202, 241]","[('you', 'PRP')]",PRON,POSITIVE,0.9991,You and I, you and I,POSITIVE,0.9995,0.9995,15,0.8333333333333334,0.9991,58,0.8923076923076924,pos_word_pos_line,Just the Two of Us,Grover Washington Jr.,-3.064016580581665,-4.1720709800720215
162,162,162,162,162,and,and,and,163,28,4,Refrain: Bill Withers,8,40,9,9,9,"[7, 33, 80, 95, 163, 177, 183, 189, 242]","[('and', 'CC')]",CONJ,POSITIVE,0.9708,You and I, you and I,POSITIVE,0.9995,0.9995,15,0.8333333333333334,0.9708,29,0.4461538461538462,pos_word_pos_line,Just the Two of Us,Grover Washington Jr.,10.342761039733887,-5.1989336013793945
163,163,163,163,163,I,I,I,164,28,4,Refrain: Bill Withers,8,41,9,9,9,"[1, 28, 34, 81, 164, 165, 190, 195, 243]","[('I', 'PRP')]",PRON,POSITIVE,0.9797,You and I, you and I,POSITIVE,0.9995,0.9995,15,0.8333333333333334,0.9797,32,0.4923076923076923,pos_word_pos_line,Just the Two of Us,Grover Washington Jr.,6.476741313934326,-5.617037773132324
164,164,164,164,164,I,I,I,165,29,5,Verse 3: Bill Withers,1,1,9,9,9,"[1, 28, 34, 81, 164, 165, 190, 195, 243]","[('I', 'PRP')]",PRON,POSITIVE,0.9797,I hear the crystal raindrops fall, I hear the crystal raindrops fall,POSITIVE,0.9847,0.9847,7,0.3888888888888889,0.9797,32,0.4923076923076923,pos_word_pos_line,Just the Two of Us,Grover Washington Jr.,6.476741313934326,-5.617037773132324
165,165,165,165,165,hear,hear,hear,166,29,5,Verse 3: Bill Withers,1,2,1,1,1,[166],"[('hear', 'NN')]",N,POSITIVE,0.9987,I hear the crystal raindrops fall, I hear the crystal raindrops fall,POSITIVE,0.9847,0.9847,7,0.3888888888888889,0.9987,56,0.8615384615384616,pos_word_pos_line,Just the Two of Us,Grover Washington Jr.,-0.5719042420387268,-17.026798248291016
166,166,166,166,166,the,the,the,167,29,5,Verse 3: Bill Withers,1,3,27,27,27,"[3, 8, 15, 43, 55, 60, 65, 72, 75, 125, 137, 142, 147, 155, 158, 167, 172, 175, 180, 186, 192, 199, 204, 216, 221, 226, 237]","[('the', 'DT')]",DET,POSITIVE,0.9636,I hear the crystal raindrops fall, I hear the crystal raindrops fall,POSITIVE,0.9847,0.9847,7,0.3888888888888889,0.9636,25,0.38461538461538464,pos_word_pos_line,Just the Two of Us,Grover Washington Jr.,5.6437530517578125,-7.906484127044678
167,167,167,167,167,crystal,crystal,crystal,168,29,5,Verse 3: Bill Withers,1,4,2,2,2,"[4, 168]","[('crystal', 'NN')]",N,POSITIVE,0.9998,I hear the crystal raindrops fall, I hear the crystal raindrops fall,POSITIVE,0.9847,0.9847,7,0.3888888888888889,0.9998,64,0.9846153846153848,pos_word_pos_line,Just the Two of Us,Grover Washington Jr.,-6.410122871398926,13.969592094421387
168,168,168,168,168,raindrops,raindrops,raindrops,169,29,5,Verse 3: Bill Withers,1,5,2,2,2,"[5, 169]","[('raindrops', 'NNS')]",N,POSITIVE,0.9911,I hear the crystal raindrops fall, I hear the crystal raindrops fall,POSITIVE,0.9847,0.9847,7,0.3888888888888889,0.9911,44,0.676923076923077,pos_word_pos_line,Just the Two of Us,Grover Washington Jr.,-5.64021110534668,19.228927612304688
169,169,169,169,169,fall,fall,fall,170,29,5,Verse 3: Bill Withers,1,6,2,2,2,"[6, 170]","[('fall', 'NN')]",N,NEGATIVE,0.9972,I hear the crystal raindrops fall, I hear the crystal raindrops fall,POSITIVE,0.9847,0.9847,7,0.3888888888888889,-0.9972,3,0.04615384615384616,neg_word_pos_line,Just the Two of Us,Grover Washington Jr.,-6.66714334487915,5.892665386199951
170,170,170,170,170,On,On,on,171,30,5,Verse 3: Bill Withers,2,7,1,1,1,[171],"[('on', 'IN')]",PREP,POSITIVE,0.987,On the window down the hall, on the window down the hall,POSITIVE,0.974,0.974,6,0.3333333333333333,0.987,37,0.5692307692307692,pos_word_pos_line,Just the Two of Us,Grover Washington Jr.,8.214993476867676,-10.38104248046875
171,171,171,171,171,the,the,the,172,30,5,Verse 3: Bill Withers,2,8,27,27,27,"[3, 8, 15, 43, 55, 60, 65, 72, 75, 125, 137, 142, 147, 155, 158, 167, 172, 175, 180, 186, 192, 199, 204, 216, 221, 226, 237]","[('the', 'DT')]",DET,POSITIVE,0.9636,On the window down the hall, on the window down the hall,POSITIVE,0.974,0.974,6,0.3333333333333333,0.9636,25,0.38461538461538464,pos_word_pos_line,Just the Two of Us,Grover Washington Jr.,5.6437530517578125,-7.906484127044678
172,172,172,172,172,window,window,window,173,30,5,Verse 3: Bill Withers,2,9,1,1,1,[173],"[('window', 'NN')]",N,POSITIVE,0.9801,On the window down the hall, on the window down the hall,POSITIVE,0.974,0.974,6,0.3333333333333333,0.9801,33,0.5076923076923077,pos_word_pos_line,Just the Two of Us,Grover Washington Jr.,1.7191470861434937,-0.5627689957618713
173,173,173,173,173,down,down,down,174,30,5,Verse 3: Bill Withers,2,10,1,1,1,[174],"[('down', 'RB')]",ADV,NEGATIVE,0.9997,On the window down the hall, on the window down the hall,POSITIVE,0.974,0.974,6,0.3333333333333333,-0.9997,1,0.015384615384615384,neg_word_pos_line,Just the Two of Us,Grover Washington Jr.,-8.043481826782228,-5.413066864013672
174,174,174,174,174,the,the,the,175,30,5,Verse 3: Bill Withers,2,11,27,27,27,"[3, 8, 15, 43, 55, 60, 65, 72, 75, 125, 137, 142, 147, 155, 158, 167, 172, 175, 180, 186, 192, 199, 204, 216, 221, 226, 237]","[('the', 'DT')]",DET,POSITIVE,0.9636,On the window down the hall, on the window down the hall,POSITIVE,0.974,0.974,6,0.3333333333333333,0.9636,25,0.38461538461538464,pos_word_pos_line,Just the Two of Us,Grover Washington Jr.,5.6437530517578125,-7.906484127044678
175,175,175,175,175,hall,hall,hall,176,30,5,Verse 3: Bill Withers,2,12,1,1,1,[176],"[('hall', 'NN')]",N,POSITIVE,0.9891,On the window down the hall, on the window down the hall,POSITIVE,0.974,0.974,6,0.3333333333333333,0.9891,40,0.6153846153846154,pos_word_pos_line,Just the Two of Us,Grover Washington Jr.,-11.773476600646973,4.717214584350586
176,176,176,176,176,And,And,and,177,31,5,Verse 3: Bill Withers,3,13,9,9,9,"[7, 33, 80, 95, 163, 177, 183, 189, 242]","[('and', 'CC')]",CONJ,POSITIVE,0.9708,And it becomes the morning dew, and it becomes the morning dew,NEGATIVE,0.8913,-0.8913,2,0.1111111111111111,0.9708,29,0.4461538461538462,pos_word_neg_line,Just the Two of Us,Grover Washington Jr.,10.342761039733887,-5.1989336013793945
177,177,177,177,177,it,it,it,178,31,5,Verse 3: Bill Withers,3,14,6,6,6,"[11, 50, 96, 132, 178, 211]","[('it', 'PRP')]",PRON,POSITIVE,0.9927,And it becomes the morning dew, and it becomes the morning dew,NEGATIVE,0.8913,-0.8913,2,0.1111111111111111,0.9927,46,0.7076923076923077,pos_word_neg_line,Just the Two of Us,Grover Washington Jr.,7.279272556304932,-3.737928152084351
178,178,178,178,178,becomes,becomes,becomes,179,31,5,Verse 3: Bill Withers,3,15,1,1,1,[179],"[('becomes', 'NNS')]",N,POSITIVE,0.9767,And it becomes the morning dew, and it becomes the morning dew,NEGATIVE,0.8913,-0.8913,2,0.1111111111111111,0.9767,30,0.4615384615384616,pos_word_neg_line,Just the Two of Us,Grover Washington Jr.,5.796419143676758,-13.849247932434082
179,179,179,179,179,the,the,the,180,31,5,Verse 3: Bill Withers,3,16,27,27,27,"[3, 8, 15, 43, 55, 60, 65, 72, 75, 125, 137, 142, 147, 155, 158, 167, 172, 175, 180, 186, 192, 199, 204, 216, 221, 226, 237]","[('the', 'DT')]",DET,POSITIVE,0.9636,And it becomes the morning dew, and it becomes the morning dew,NEGATIVE,0.8913,-0.8913,2,0.1111111111111111,0.9636,25,0.38461538461538464,pos_word_neg_line,Just the Two of Us,Grover Washington Jr.,5.6437530517578125,-7.906484127044678
180,180,180,180,180,morning,morning,morning,181,31,5,Verse 3: Bill Withers,3,17,3,3,3,"[181, 187, 193]","[('morning', 'NN')]",N,POSITIVE,0.9866,And it becomes the morning dew, and it becomes the morning dew,NEGATIVE,0.8913,-0.8913,2,0.1111111111111111,0.9866,36,0.5538461538461539,pos_word_neg_line,Just the Two of Us,Grover Washington Jr.,-2.2374684810638428,18.936935424804688
181,181,181,181,181,dew,dew,dew,182,31,5,Verse 3: Bill Withers,3,18,1,1,1,[182],"[('dew', 'NN')]",N,NEGATIVE,0.5654,And it becomes the morning dew, and it becomes the morning dew,NEGATIVE,0.8913,-0.8913,2,0.1111111111111111,-0.5654,12,0.18461538461538465,neg_word_neg_line,Just the Two of Us,Grover Washington Jr.,3.0399961471557617,-5.4245500564575195
182,182,182,182,182,"And,",And,and,183,32,5,Verse 3: Bill Withers,4,19,9,9,9,"[7, 33, 80, 95, 163, 177, 183, 189, 242]","[('and', 'CC')]",CONJ,POSITIVE,0.9708,"And, darling, when the morning comes", and darling when the morning comes,POSITIVE,0.9997,0.9997,17,0.9444444444444444,0.9708,29,0.4461538461538462,pos_word_pos_line,Just the Two of Us,Grover Washington Jr.,10.342761039733887,-5.1989336013793945
183,183,183,183,183,"darling,",darling,darling,184,32,5,Verse 3: Bill Withers,4,20,1,1,1,[184],"[('darling', 'VBG')]",V,POSITIVE,0.9998,"And, darling, when the morning comes", and darling when the morning comes,POSITIVE,0.9997,0.9997,17,0.9444444444444444,0.9998,64,0.9846153846153848,pos_word_pos_line,Just the Two of Us,Grover Washington Jr.,-7.763034343719482,11.414739608764648
184,184,184,184,184,when,when,when,185,32,5,Verse 3: Bill Withers,4,21,3,3,3,"[14, 27, 185]","[('when', 'WRB')]",OTH,POSITIVE,0.9288,"And, darling, when the morning comes", and darling when the morning comes,POSITIVE,0.9997,0.9997,17,0.9444444444444444,0.9288,19,0.2923076923076923,pos_word_pos_line,Just the Two of Us,Grover Washington Jr.,11.107210159301758,-3.0220742225646973
185,185,185,185,185,the,the,the,186,32,5,Verse 3: Bill Withers,4,22,27,27,27,"[3, 8, 15, 43, 55, 60, 65, 72, 75, 125, 137, 142, 147, 155, 158, 167, 172, 175, 180, 186, 192, 199, 204, 216, 221, 226, 237]","[('the', 'DT')]",DET,POSITIVE,0.9636,"And, darling, when the morning comes", and darling when the morning comes,POSITIVE,0.9997,0.9997,17,0.9444444444444444,0.9636,25,0.38461538461538464,pos_word_pos_line,Just the Two of Us,Grover Washington Jr.,5.6437530517578125,-7.906484127044678
186,186,186,186,186,morning,morning,morning,187,32,5,Verse 3: Bill Withers,4,23,3,3,3,"[181, 187, 193]","[('morning', 'NN')]",N,POSITIVE,0.9866,"And, darling, when the morning comes", and darling when the morning comes,POSITIVE,0.9997,0.9997,17,0.9444444444444444,0.9866,36,0.5538461538461539,pos_word_pos_line,Just the Two of Us,Grover Washington Jr.,-2.2374684810638428,18.936935424804688
187,187,187,187,187,comes,comes,comes,188,32,5,Verse 3: Bill Withers,4,24,2,2,2,"[17, 188]","[('comes', 'VBZ')]",V,POSITIVE,0.9984,"And, darling, when the morning comes", and darling when the morning comes,POSITIVE,0.9997,0.9997,17,0.9444444444444444,0.9984,54,0.8307692307692308,pos_word_pos_line,Just the Two of Us,Grover Washington Jr.,-10.491598129272461,-17.132991790771484
188,188,188,188,188,And,And,and,189,33,5,Verse 3: Bill Withers,5,25,9,9,9,"[7, 33, 80, 95, 163, 177, 183, 189, 242]","[('and', 'CC')]",CONJ,POSITIVE,0.9708,And I see the morning sun, and I see the morning sun,POSITIVE,0.9976,0.9976,9,0.5,0.9708,29,0.4461538461538462,pos_word_pos_line,Just the Two of Us,Grover Washington Jr.,10.342761039733887,-5.1989336013793945
189,189,189,189,189,I,I,I,190,33,5,Verse 3: Bill Withers,5,26,9,9,9,"[1, 28, 34, 81, 164, 165, 190, 195, 243]","[('I', 'PRP')]",PRON,POSITIVE,0.9797,And I see the morning sun, and I see the morning sun,POSITIVE,0.9976,0.9976,9,0.5,0.9797,32,0.4923076923076923,pos_word_pos_line,Just the Two of Us,Grover Washington Jr.,6.476741313934326,-5.617037773132324
190,190,190,190,190,see,see,see,191,33,5,Verse 3: Bill Withers,5,27,2,2,2,"[2, 191]","[('see', 'VB')]",V,POSITIVE,0.9984,And I see the morning sun, and I see the morning sun,POSITIVE,0.9976,0.9976,9,0.5,0.9984,54,0.8307692307692308,pos_word_pos_line,Just the Two of Us,Grover Washington Jr.,9.307080268859863,-12.89146614074707
191,191,191,191,191,the,the,the,192,33,5,Verse 3: Bill Withers,5,28,27,27,27,"[3, 8, 15, 43, 55, 60, 65, 72, 75, 125, 137, 142, 147, 155, 158, 167, 172, 175, 180, 186, 192, 199, 204, 216, 221, 226, 237]","[('the', 'DT')]",DET,POSITIVE,0.9636,And I see the morning sun, and I see the morning sun,POSITIVE,0.9976,0.9976,9,0.5,0.9636,25,0.38461538461538464,pos_word_pos_line,Just the Two of Us,Grover Washington Jr.,5.6437530517578125,-7.906484127044678
192,192,192,192,192,morning,morning,morning,193,33,5,Verse 3: Bill Withers,5,29,3,3,3,"[181, 187, 193]","[('morning', 'NN')]",N,POSITIVE,0.9866,And I see the morning sun, and I see the morning sun,POSITIVE,0.9976,0.9976,9,0.5,0.9866,36,0.5538461538461539,pos_word_pos_line,Just the Two of Us,Grover Washington Jr.,-2.2374684810638428,18.936935424804688
193,193,193,193,193,sun,sun,sun,194,33,5,Verse 3: Bill Withers,5,30,2,2,2,"[16, 194]","[('sun', 'NN')]",N,POSITIVE,0.9987,And I see the morning sun, and I see the morning sun,POSITIVE,0.9976,0.9976,9,0.5,0.9987,56,0.8615384615384616,pos_word_pos_line,Just the Two of Us,Grover Washington Jr.,-5.259024620056152,15.80727481842041
194,194,194,194,194,I,I,I,195,34,5,Verse 3: Bill Withers,6,31,9,9,9,"[1, 28, 34, 81, 164, 165, 190, 195, 243]","[('I', 'PRP')]",PRON,POSITIVE,0.9797,I want to be the one with you, I want to be the one with you,POSITIVE,0.9997,0.9997,17,0.9444444444444444,0.9797,32,0.4923076923076923,pos_word_pos_line,Just the Two of Us,Grover Washington Jr.,6.476741313934326,-5.617037773132324
195,195,195,195,195,want,want,want,196,34,5,Verse 3: Bill Withers,6,32,2,2,2,"[35, 196]","[('want', 'NN')]",N,POSITIVE,0.987,I want to be the one with you, I want to be the one with you,POSITIVE,0.9997,0.9997,17,0.9444444444444444,0.987,37,0.5692307692307692,pos_word_pos_line,Just the Two of Us,Grover Washington Jr.,-0.7673208713531494,-13.12667465209961
196,196,196,196,196,to,to,to,197,34,5,Verse 3: Bill Withers,6,33,4,4,4,"[20, 36, 106, 197]","[('to', 'TO')]",OTH,POSITIVE,0.9653,I want to be the one with you, I want to be the one with you,POSITIVE,0.9997,0.9997,17,0.9444444444444444,0.9653,26,0.4,pos_word_pos_line,Just the Two of Us,Grover Washington Jr.,1.2756972312927246,-15.350232124328613
197,197,197,197,197,be,be,be,198,34,5,Verse 3: Bill Withers,6,34,1,1,1,[198],"[('be', 'VB')]",V,POSITIVE,0.962,I want to be the one with you, I want to be the one with you,POSITIVE,0.9997,0.9997,17,0.9444444444444444,0.962,24,0.3692307692307693,pos_word_pos_line,Just the Two of Us,Grover Washington Jr.,-6.471293926239014,-14.881709098815918
198,198,198,198,198,the,the,the,199,34,5,Verse 3: Bill Withers,6,35,27,27,27,"[3, 8, 15, 43, 55, 60, 65, 72, 75, 125, 137, 142, 147, 155, 158, 167, 172, 175, 180, 186, 192, 199, 204, 216, 221, 226, 237]","[('the', 'DT')]",DET,POSITIVE,0.9636,I want to be the one with you, I want to be the one with you,POSITIVE,0.9997,0.9997,17,0.9444444444444444,0.9636,25,0.38461538461538464,pos_word_pos_line,Just the Two of Us,Grover Washington Jr.,5.6437530517578125,-7.906484127044678
199,199,199,199,199,one,one,one,200,34,5,Verse 3: Bill Withers,6,36,1,1,1,[200],"[('one', 'CD')]",DET,POSITIVE,0.9883,I want to be the one with you, I want to be the one with you,POSITIVE,0.9997,0.9997,17,0.9444444444444444,0.9883,39,0.6,pos_word_pos_line,Just the Two of Us,Grover Washington Jr.,16.867755889892578,13.4649658203125
200,200,200,200,200,with,with,with,201,34,5,Verse 3: Bill Withers,6,37,2,2,2,"[40, 201]","[('with', 'IN')]",PREP,POSITIVE,0.9826,I want to be the one with you, I want to be the one with you,POSITIVE,0.9997,0.9997,17,0.9444444444444444,0.9826,35,0.5384615384615384,pos_word_pos_line,Just the Two of Us,Grover Washington Jr.,7.373578071594237,-10.025128364562988
201,201,201,201,201,you,you,you,202,34,5,Verse 3: Bill Withers,6,38,6,6,6,"[31, 41, 79, 162, 202, 241]","[('you', 'PRP')]",PRON,POSITIVE,0.9991,I want to be the one with you, I want to be the one with you,POSITIVE,0.9997,0.9997,17,0.9444444444444444,0.9991,58,0.8923076923076924,pos_word_pos_line,Just the Two of Us,Grover Washington Jr.,-3.064016580581665,-4.1720709800720215
202,202,202,202,202,Just,Just,just,203,35,6,Refrain: Bill Withers,1,1,15,15,15,"[42, 54, 59, 64, 74, 124, 136, 141, 146, 157, 203, 215, 220, 225, 236]","[('just', 'RB')]",ADV,POSITIVE,0.8226,Just the two of us, just the two of us,POSITIVE,0.9991,0.9991,12,0.6666666666666666,0.8226,15,0.2307692307692308,pos_word_pos_line,Just the Two of Us,Grover Washington Jr.,10.688145637512207,5.462139129638672
203,203,203,203,203,the,the,the,204,35,6,Refrain: Bill Withers,1,2,27,27,27,"[3, 8, 15, 43, 55, 60, 65, 72, 75, 125, 137, 142, 147, 155, 158, 167, 172, 175, 180, 186, 192, 199, 204, 216, 221, 226, 237]","[('the', 'DT')]",DET,POSITIVE,0.9636,Just the two of us, just the two of us,POSITIVE,0.9991,0.9991,12,0.6666666666666666,0.9636,25,0.38461538461538464,pos_word_pos_line,Just the Two of Us,Grover Washington Jr.,5.6437530517578125,-7.906484127044678
204,204,204,204,204,two,two,two,205,35,6,Refrain: Bill Withers,1,3,15,15,15,"[44, 56, 61, 66, 76, 126, 138, 143, 148, 159, 205, 217, 222, 227, 238]","[('two', 'CD')]",DET,POSITIVE,0.9899,Just the two of us, just the two of us,POSITIVE,0.9991,0.9991,12,0.6666666666666666,0.9899,42,0.6461538461538462,pos_word_pos_line,Just the Two of Us,Grover Washington Jr.,16.847070693969727,13.55646800994873
205,205,205,205,205,of,of,of,206,35,6,Refrain: Bill Withers,1,4,17,17,17,"[10, 30, 45, 57, 62, 67, 77, 127, 139, 144, 149, 160, 206, 218, 223, 228, 239]","[('of', 'IN')]",PREP,POSITIVE,0.9193,Just the two of us, just the two of us,POSITIVE,0.9991,0.9991,12,0.6666666666666666,0.9193,17,0.26153846153846155,pos_word_pos_line,Just the Two of Us,Grover Washington Jr.,9.16939926147461,-9.643716812133787
206,206,206,206,206,us,us,us,207,35,6,Refrain: Bill Withers,1,5,15,15,15,"[46, 58, 63, 68, 78, 128, 140, 145, 150, 161, 207, 219, 224, 229, 240]","[('us', 'PRP')]",PRON,POSITIVE,0.999,Just the two of us, just the two of us,POSITIVE,0.9991,0.9991,12,0.6666666666666666,0.999,57,0.8769230769230769,pos_word_pos_line,Just the Two of Us,Grover Washington Jr.,-2.119887113571167,-0.9886552691459656
207,207,207,207,207,We,We,we,208,36,6,Refrain: Bill Withers,2,6,9,9,9,"[47, 52, 82, 117, 122, 129, 134, 208, 213]","[('we', 'PRP')]",PRON,POSITIVE,0.9982,We can make it if we try, we can make it if we try,POSITIVE,0.9996,0.9996,16,0.8888888888888888,0.9982,53,0.8153846153846154,pos_word_pos_line,Just the Two of Us,Grover Washington Jr.,8.040857315063478,-5.476059436798097
208,208,208,208,208,can,can,can,209,36,6,Refrain: Bill Withers,2,7,3,3,3,"[48, 130, 209]","[('can', 'MD')]",V,POSITIVE,0.9985,We can make it if we try, we can make it if we try,POSITIVE,0.9996,0.9996,16,0.8888888888888888,0.9985,55,0.8461538461538461,pos_word_pos_line,Just the Two of Us,Grover Washington Jr.,4.602478504180908,-12.702999114990234
209,209,209,209,209,make,make,make,210,36,6,Refrain: Bill Withers,2,8,5,5,5,"[21, 49, 98, 131, 210]","[('make', 'VB')]",V,POSITIVE,0.9996,We can make it if we try, we can make it if we try,POSITIVE,0.9996,0.9996,16,0.8888888888888888,0.9996,63,0.9692307692307692,pos_word_pos_line,Just the Two of Us,Grover Washington Jr.,-3.0625572204589844,-9.562143325805664
210,210,210,210,210,it,it,it,211,36,6,Refrain: Bill Withers,2,9,6,6,6,"[11, 50, 96, 132, 178, 211]","[('it', 'PRP')]",PRON,POSITIVE,0.9927,We can make it if we try, we can make it if we try,POSITIVE,0.9996,0.9996,16,0.8888888888888888,0.9927,46,0.7076923076923077,pos_word_pos_line,Just the Two of Us,Grover Washington Jr.,7.279272556304932,-3.737928152084351
211,211,211,211,211,if,if,if,212,36,6,Refrain: Bill Withers,2,10,3,3,3,"[51, 133, 212]","[('if', 'IN')]",PREP,POSITIVE,0.7390000000000001,We can make it if we try, we can make it if we try,POSITIVE,0.9996,0.9996,16,0.8888888888888888,0.7390000000000001,14,0.2153846153846154,pos_word_pos_line,Just the Two of Us,Grover Washington Jr.,13.479860305786133,-4.848739147186278
212,212,212,212,212,we,we,we,213,36,6,Refrain: Bill Withers,2,11,9,9,9,"[47, 52, 82, 117, 122, 129, 134, 208, 213]","[('we', 'PRP')]",PRON,POSITIVE,0.9982,We can make it if we try, we can make it if we try,POSITIVE,0.9996,0.9996,16,0.8888888888888888,0.9982,53,0.8153846153846154,pos_word_pos_line,Just the Two of Us,Grover Washington Jr.,8.040857315063478,-5.476059436798097
213,213,213,213,213,try,try,try,214,36,6,Refrain: Bill Withers,2,12,3,3,3,"[53, 135, 214]","[('try', 'NN')]",N,NEGATIVE,0.7526,We can make it if we try, we can make it if we try,POSITIVE,0.9996,0.9996,16,0.8888888888888888,-0.7526,10,0.15384615384615385,neg_word_pos_line,Just the Two of Us,Grover Washington Jr.,-8.310484886169434,-10.3611421585083
214,214,214,214,214,Just,Just,just,215,37,6,Refrain: Bill Withers,3,13,15,15,15,"[42, 54, 59, 64, 74, 124, 136, 141, 146, 157, 203, 215, 220, 225, 236]","[('just', 'RB')]",ADV,POSITIVE,0.8226,Just the two of us, just the two of us,POSITIVE,0.9991,0.9991,12,0.6666666666666666,0.8226,15,0.2307692307692308,pos_word_pos_line,Just the Two of Us,Grover Washington Jr.,10.688145637512207,5.462139129638672
215,215,215,215,215,the,the,the,216,37,6,Refrain: Bill Withers,3,14,27,27,27,"[3, 8, 15, 43, 55, 60, 65, 72, 75, 125, 137, 142, 147, 155, 158, 167, 172, 175, 180, 186, 192, 199, 204, 216, 221, 226, 237]","[('the', 'DT')]",DET,POSITIVE,0.9636,Just the two of us, just the two of us,POSITIVE,0.9991,0.9991,12,0.6666666666666666,0.9636,25,0.38461538461538464,pos_word_pos_line,Just the Two of Us,Grover Washington Jr.,5.6437530517578125,-7.906484127044678
216,216,216,216,216,two,two,two,217,37,6,Refrain: Bill Withers,3,15,15,15,15,"[44, 56, 61, 66, 76, 126, 138, 143, 148, 159, 205, 217, 222, 227, 238]","[('two', 'CD')]",DET,POSITIVE,0.9899,Just the two of us, just the two of us,POSITIVE,0.9991,0.9991,12,0.6666666666666666,0.9899,42,0.6461538461538462,pos_word_pos_line,Just the Two of Us,Grover Washington Jr.,16.847070693969727,13.55646800994873
217,217,217,217,217,of,of,of,218,37,6,Refrain: Bill Withers,3,16,17,17,17,"[10, 30, 45, 57, 62, 67, 77, 127, 139, 144, 149, 160, 206, 218, 223, 228, 239]","[('of', 'IN')]",PREP,POSITIVE,0.9193,Just the two of us, just the two of us,POSITIVE,0.9991,0.9991,12,0.6666666666666666,0.9193,17,0.26153846153846155,pos_word_pos_line,Just the Two of Us,Grover Washington Jr.,9.16939926147461,-9.643716812133787
218,218,218,218,218,us,us,us,219,37,6,Refrain: Bill Withers,3,17,15,15,15,"[46, 58, 63, 68, 78, 128, 140, 145, 150, 161, 207, 219, 224, 229, 240]","[('us', 'PRP')]",PRON,POSITIVE,0.999,Just the two of us, just the two of us,POSITIVE,0.9991,0.9991,12,0.6666666666666666,0.999,57,0.8769230769230769,pos_word_pos_line,Just the Two of Us,Grover Washington Jr.,-2.119887113571167,-0.9886552691459656
219,219,219,219,219,(Just,Just,just,220,38,6,Refrain: Bill Withers,4,18,15,15,15,"[42, 54, 59, 64, 74, 124, 136, 141, 146, 157, 203, 215, 220, 225, 236]","[('just', 'RB')]",ADV,POSITIVE,0.8226,(Just the two of us), just the two of us,POSITIVE,0.9991,0.9991,12,0.6666666666666666,0.8226,15,0.2307692307692308,pos_word_pos_line,Just the Two of Us,Grover Washington Jr.,10.688145637512207,5.462139129638672
220,220,220,220,220,the,the,the,221,38,6,Refrain: Bill Withers,4,19,27,27,27,"[3, 8, 15, 43, 55, 60, 65, 72, 75, 125, 137, 142, 147, 155, 158, 167, 172, 175, 180, 186, 192, 199, 204, 216, 221, 226, 237]","[('the', 'DT')]",DET,POSITIVE,0.9636,(Just the two of us), just the two of us,POSITIVE,0.9991,0.9991,12,0.6666666666666666,0.9636,25,0.38461538461538464,pos_word_pos_line,Just the Two of Us,Grover Washington Jr.,5.6437530517578125,-7.906484127044678
221,221,221,221,221,two,two,two,222,38,6,Refrain: Bill Withers,4,20,15,15,15,"[44, 56, 61, 66, 76, 126, 138, 143, 148, 159, 205, 217, 222, 227, 238]","[('two', 'CD')]",DET,POSITIVE,0.9899,(Just the two of us), just the two of us,POSITIVE,0.9991,0.9991,12,0.6666666666666666,0.9899,42,0.6461538461538462,pos_word_pos_line,Just the Two of Us,Grover Washington Jr.,16.847070693969727,13.55646800994873
222,222,222,222,222,of,of,of,223,38,6,Refrain: Bill Withers,4,21,17,17,17,"[10, 30, 45, 57, 62, 67, 77, 127, 139, 144, 149, 160, 206, 218, 223, 228, 239]","[('of', 'IN')]",PREP,POSITIVE,0.9193,(Just the two of us), just the two of us,POSITIVE,0.9991,0.9991,12,0.6666666666666666,0.9193,17,0.26153846153846155,pos_word_pos_line,Just the Two of Us,Grover Washington Jr.,9.16939926147461,-9.643716812133787
223,223,223,223,223,us),us,us,224,38,6,Refrain: Bill Withers,4,22,15,15,15,"[46, 58, 63, 68, 78, 128, 140, 145, 150, 161, 207, 219, 224, 229, 240]","[('us', 'PRP')]",PRON,POSITIVE,0.999,(Just the two of us), just the two of us,POSITIVE,0.9991,0.9991,12,0.6666666666666666,0.999,57,0.8769230769230769,pos_word_pos_line,Just the Two of Us,Grover Washington Jr.,-2.119887113571167,-0.9886552691459656
224,224,224,224,224,Just,Just,just,225,39,6,Refrain: Bill Withers,5,23,15,15,15,"[42, 54, 59, 64, 74, 124, 136, 141, 146, 157, 203, 215, 220, 225, 236]","[('just', 'RB')]",ADV,POSITIVE,0.8226,Just the two of us, just the two of us,POSITIVE,0.9991,0.9991,12,0.6666666666666666,0.8226,15,0.2307692307692308,pos_word_pos_line,Just the Two of Us,Grover Washington Jr.,10.688145637512207,5.462139129638672
225,225,225,225,225,the,the,the,226,39,6,Refrain: Bill Withers,5,24,27,27,27,"[3, 8, 15, 43, 55, 60, 65, 72, 75, 125, 137, 142, 147, 155, 158, 167, 172, 175, 180, 186, 192, 199, 204, 216, 221, 226, 237]","[('the', 'DT')]",DET,POSITIVE,0.9636,Just the two of us, just the two of us,POSITIVE,0.9991,0.9991,12,0.6666666666666666,0.9636,25,0.38461538461538464,pos_word_pos_line,Just the Two of Us,Grover Washington Jr.,5.6437530517578125,-7.906484127044678
226,226,226,226,226,two,two,two,227,39,6,Refrain: Bill Withers,5,25,15,15,15,"[44, 56, 61, 66, 76, 126, 138, 143, 148, 159, 205, 217, 222, 227, 238]","[('two', 'CD')]",DET,POSITIVE,0.9899,Just the two of us, just the two of us,POSITIVE,0.9991,0.9991,12,0.6666666666666666,0.9899,42,0.6461538461538462,pos_word_pos_line,Just the Two of Us,Grover Washington Jr.,16.847070693969727,13.55646800994873
227,227,227,227,227,of,of,of,228,39,6,Refrain: Bill Withers,5,26,17,17,17,"[10, 30, 45, 57, 62, 67, 77, 127, 139, 144, 149, 160, 206, 218, 223, 228, 239]","[('of', 'IN')]",PREP,POSITIVE,0.9193,Just the two of us, just the two of us,POSITIVE,0.9991,0.9991,12,0.6666666666666666,0.9193,17,0.26153846153846155,pos_word_pos_line,Just the Two of Us,Grover Washington Jr.,9.16939926147461,-9.643716812133787
228,228,228,228,228,us,us,us,229,39,6,Refrain: Bill Withers,5,27,15,15,15,"[46, 58, 63, 68, 78, 128, 140, 145, 150, 161, 207, 219, 224, 229, 240]","[('us', 'PRP')]",PRON,POSITIVE,0.999,Just the two of us, just the two of us,POSITIVE,0.9991,0.9991,12,0.6666666666666666,0.999,57,0.8769230769230769,pos_word_pos_line,Just the Two of Us,Grover Washington Jr.,-2.119887113571167,-0.9886552691459656
229,229,229,229,229,Building,Building,building,230,40,6,Refrain: Bill Withers,6,28,3,3,3,"[69, 151, 230]","[('building', 'NN')]",N,POSITIVE,0.9978,Building big castles way up high, building big castles way up high,POSITIVE,0.9997,0.9997,17,0.9444444444444444,0.9978,51,0.7846153846153846,pos_word_pos_line,Just the Two of Us,Grover Washington Jr.,-11.039506912231444,4.59656286239624
230,230,230,230,230,big,big,big,231,40,6,Refrain: Bill Withers,6,29,1,1,1,[231],"[('big', 'JJ')]",ADJ,POSITIVE,0.9993,Building big castles way up high, building big castles way up high,POSITIVE,0.9997,0.9997,17,0.9444444444444444,0.9993,60,0.9230769230769232,pos_word_pos_line,Just the Two of Us,Grover Washington Jr.,-0.16201728582382202,3.4403750896453857
231,231,231,231,231,castles,castles,castles,232,40,6,Refrain: Bill Withers,6,30,3,3,3,"[70, 153, 232]","[('castles', 'NNS')]",N,POSITIVE,0.9973,Building big castles way up high, building big castles way up high,POSITIVE,0.9997,0.9997,17,0.9444444444444444,0.9973,50,0.7692307692307693,pos_word_pos_line,Just the Two of Us,Grover Washington Jr.,4.717595100402832,-21.86551284790039
232,232,232,232,232,way,way,way,233,40,6,Refrain: Bill Withers,6,31,1,1,1,[233],"[('way', 'NN')]",N,POSITIVE,0.9973,Building big castles way up high, building big castles way up high,POSITIVE,0.9997,0.9997,17,0.9444444444444444,0.9973,50,0.7692307692307693,pos_word_pos_line,Just the Two of Us,Grover Washington Jr.,3.3769655227661133,-1.1126163005828855
233,233,233,233,233,up,up,up,234,40,6,Refrain: Bill Withers,6,32,1,1,1,[234],"[('up', 'RB')]",ADV,POSITIVE,0.9992,Building big castles way up high, building big castles way up high,POSITIVE,0.9997,0.9997,17,0.9444444444444444,0.9992,59,0.9076923076923076,pos_word_pos_line,Just the Two of Us,Grover Washington Jr.,-8.197823524475098,-4.96947717666626
234,234,234,234,234,high,high,high,235,40,6,Refrain: Bill Withers,6,33,1,1,1,[235],"[('high', 'JJ')]",ADJ,POSITIVE,0.9998,Building big castles way up high, building big castles way up high,POSITIVE,0.9997,0.9997,17,0.9444444444444444,0.9998,64,0.9846153846153848,pos_word_pos_line,Just the Two of Us,Grover Washington Jr.,0.9229023456573486,4.639842033386231
235,235,235,235,235,Just,Just,just,236,41,6,Refrain: Bill Withers,7,34,15,15,15,"[42, 54, 59, 64, 74, 124, 136, 141, 146, 157, 203, 215, 220, 225, 236]","[('just', 'RB')]",ADV,POSITIVE,0.8226,Just the two of us, just the two of us,POSITIVE,0.9991,0.9991,12,0.6666666666666666,0.8226,15,0.2307692307692308,pos_word_pos_line,Just the Two of Us,Grover Washington Jr.,10.688145637512207,5.462139129638672
236,236,236,236,236,the,the,the,237,41,6,Refrain: Bill Withers,7,35,27,27,27,"[3, 8, 15, 43, 55, 60, 65, 72, 75, 125, 137, 142, 147, 155, 158, 167, 172, 175, 180, 186, 192, 199, 204, 216, 221, 226, 237]","[('the', 'DT')]",DET,POSITIVE,0.9636,Just the two of us, just the two of us,POSITIVE,0.9991,0.9991,12,0.6666666666666666,0.9636,25,0.38461538461538464,pos_word_pos_line,Just the Two of Us,Grover Washington Jr.,5.6437530517578125,-7.906484127044678
237,237,237,237,237,two,two,two,238,41,6,Refrain: Bill Withers,7,36,15,15,15,"[44, 56, 61, 66, 76, 126, 138, 143, 148, 159, 205, 217, 222, 227, 238]","[('two', 'CD')]",DET,POSITIVE,0.9899,Just the two of us, just the two of us,POSITIVE,0.9991,0.9991,12,0.6666666666666666,0.9899,42,0.6461538461538462,pos_word_pos_line,Just the Two of Us,Grover Washington Jr.,16.847070693969727,13.55646800994873
238,238,238,238,238,of,of,of,239,41,6,Refrain: Bill Withers,7,37,17,17,17,"[10, 30, 45, 57, 62, 67, 77, 127, 139, 144, 149, 160, 206, 218, 223, 228, 239]","[('of', 'IN')]",PREP,POSITIVE,0.9193,Just the two of us, just the two of us,POSITIVE,0.9991,0.9991,12,0.6666666666666666,0.9193,17,0.26153846153846155,pos_word_pos_line,Just the Two of Us,Grover Washington Jr.,9.16939926147461,-9.643716812133787
239,239,239,239,239,us,us,us,240,41,6,Refrain: Bill Withers,7,38,15,15,15,"[46, 58, 63, 68, 78, 128, 140, 145, 150, 161, 207, 219, 224, 229, 240]","[('us', 'PRP')]",PRON,POSITIVE,0.999,Just the two of us, just the two of us,POSITIVE,0.9991,0.9991,12,0.6666666666666666,0.999,57,0.8769230769230769,pos_word_pos_line,Just the Two of Us,Grover Washington Jr.,-2.119887113571167,-0.9886552691459656
240,240,240,240,240,You,You,you,241,42,6,Refrain: Bill Withers,8,39,6,6,6,"[31, 41, 79, 162, 202, 241]","[('you', 'PRP')]",PRON,POSITIVE,0.9991,You and I, you and I,POSITIVE,0.9995,0.9995,15,0.8333333333333334,0.9991,58,0.8923076923076924,pos_word_pos_line,Just the Two of Us,Grover Washington Jr.,-3.064016580581665,-4.1720709800720215
241,241,241,241,241,and,and,and,242,42,6,Refrain: Bill Withers,8,40,9,9,9,"[7, 33, 80, 95, 163, 177, 183, 189, 242]","[('and', 'CC')]",CONJ,POSITIVE,0.9708,You and I, you and I,POSITIVE,0.9995,0.9995,15,0.8333333333333334,0.9708,29,0.4461538461538462,pos_word_pos_line,Just the Two of Us,Grover Washington Jr.,10.342761039733887,-5.1989336013793945
242,242,242,242,242,I,I,I,243,42,6,Refrain: Bill Withers,8,41,9,9,9,"[1, 28, 34, 81, 164, 165, 190, 195, 243]","[('I', 'PRP')]",PRON,POSITIVE,0.9797,You and I, you and I,POSITIVE,0.9995,0.9995,15,0.8333333333333334,0.9797,32,0.4923076923076923,pos_word_pos_line,Just the Two of Us,Grover Washington Jr.,6.476741313934326,-5.617037773132324
